-- phpMyAdmin SQL Dump
-- version 5.2.1-1.el7.remi
-- https://www.phpmyadmin.net/
--
-- ホスト: localhost
-- 生成日時: 2024 年 12 月 08 日 03:11
-- サーバのバージョン： 5.7.27-log
-- PHP のバージョン: 7.4.33

SET SQL_MODE = "NO_AUTO_VALUE_ON_ZERO";
START TRANSACTION;
SET time_zone = "+00:00";


/*!40101 SET @OLD_CHARACTER_SET_CLIENT=@@CHARACTER_SET_CLIENT */;
/*!40101 SET @OLD_CHARACTER_SET_RESULTS=@@CHARACTER_SET_RESULTS */;
/*!40101 SET @OLD_COLLATION_CONNECTION=@@COLLATION_CONNECTION */;
/*!40101 SET NAMES utf8mb4 */;

--
-- データベース: `ffoffa_db`
--
DROP DATABASE IF EXISTS ffoffa_db;
CREATE DATABASE ffoffa_db;
USE ffoffa_db;

-- --------------------------------------------------------

--
-- テーブルの構造 `AUTH_MASTER`
--

CREATE TABLE `AUTH_MASTER` (
  `ACCESS_ID` varchar(500) NOT NULL COMMENT 'アクセスID',
  `HASH_KEY` varchar(500) NOT NULL COMMENT 'ハッシュ値化したキー',
  `INSERT_TIME` datetime NOT NULL DEFAULT CURRENT_TIMESTAMP COMMENT '追加日'
) ENGINE=InnoDB DEFAULT CHARSET=utf8mb4;

--
-- テーブルのデータのダンプ `AUTH_MASTER`
--

INSERT INTO `AUTH_MASTER` (`ACCESS_ID`, `HASH_KEY`, `INSERT_TIME`) VALUES
('ffoffa', '978bfaacca5544f7584143fefbae4a6b213085649d759528da04efa558554e7651551a13e38a4242da9c1e8f45666dc325603637c8e1476773859a3daa5b8301', '2024-09-02 23:33:51');

-- --------------------------------------------------------

--
-- テーブルの構造 `CAMPAIGN`
--

CREATE TABLE `CAMPAIGN` (
  `ID` int(255) NOT NULL COMMENT 'ID',
  `CAMPAIGN_CODE` varchar(500) NOT NULL COMMENT 'キャンペーンコード',
  `CAMPAIGN_TITLE` varchar(500) NOT NULL COMMENT 'キャンペーンタイトル',
  `CAMPAIGN_TEXT` varchar(500) NOT NULL COMMENT 'キャンペーンテキスト',
  `CAMPAIGN_LINK` varchar(500) NOT NULL COMMENT 'キャンペーン元リンク',
  `START_DATE` datetime NOT NULL COMMENT '開始日',
  `END_DATE` datetime NOT NULL COMMENT '終了日',
  `HIDDEN_FLAG` char(1) NOT NULL DEFAULT '0' COMMENT '非表示フラグ'
) ENGINE=InnoDB DEFAULT CHARSET=utf8mb4;

-- --------------------------------------------------------

--
-- テーブルの構造 `IMAGE_MASTER`
--

CREATE TABLE `IMAGE_MASTER` (
  `ID` int(255) NOT NULL COMMENT '画像管理ID',
  `BRAND_NAME` varchar(500) NOT NULL COMMENT 'ブランド名',
  `IMAGE_GENRE` int(10) NOT NULL COMMENT '画像ジャンル 0：ロゴ 1：商品画像',
  `PATH` longtext NOT NULL COMMENT '画像パス',
  `HIDDEN_FLAG` char(1) NOT NULL DEFAULT '0' COMMENT '非表示フラグ'
) ENGINE=InnoDB DEFAULT CHARSET=utf8mb4;

--
-- テーブルのデータのダンプ `IMAGE_MASTER`
--

INSERT INTO `IMAGE_MASTER` (`ID`, `BRAND_NAME`, `IMAGE_GENRE`, `PATH`, `HIDDEN_FLAG`) VALUES
(1, 'WHOMEE', 1, '4589409130472_WHOMEEリップスティックrequestボルドー_1.jpg', '0'),
(2, 'WHOMEE', 1, '4589409130441_WHOMEEリップスティックwantブラウン_1.jpg', '0'),
(3, 'WHOMEE', 1, '4571511775719_フィルムマットリップ_ソルキャメル.jpg', '0'),
(4, 'WHOMEE', 1, '4571511775696_フィルムマットリップ_マルボルドー.jpg', '0'),
(5, 'WHOMEE', 1, '4571511775689_フィルムマットリップ_シェロブラウン.jpg', '0'),
(6, 'WHOMEE', 1, '4571511775672_フィルムマットリップ_モナベージュ.jpg', '0'),
(7, 'WHOMEE', 1, '4571511775665_フィルムマットリップ_シノブピンク.jpg', '0'),
(8, 'WHOMEE', 1, '4571511775450_プリップライナー_リップブラウン.jpg', '0'),
(9, 'WHOMEE', 1, '4571511775443_プリップライナー_スキンベージュ.jpg', '0'),
(10, 'WHOMEE', 1, '4571511775436_プリップライナー_リップピンク.jpg', '0'),
(11, 'WHOMEE', 1, '4571511775207_リップ＆チーク_リンダオレンジ_2.jpg', '0'),
(12, 'WHOMEE', 1, '4571511775207_リップ＆チーク_リンダオレンジ_1.jpg', '0'),
(13, 'WHOMEE', 1, '4571511775191_リップ＆チーク_アブラッチョブラウン_2.jpg', '0'),
(14, 'WHOMEE', 1, '4571511775191_リップ＆チーク_アブラッチョブラウン_1.jpg', '0'),
(15, 'WHOMEE', 1, '4571511775184_リップ＆チーク_アムールベージュ_2.jpg', '0'),
(16, 'WHOMEE', 1, '4571511775184_リップ＆チーク_アムールベージュ_1.jpg', '0'),
(17, 'WHOMEE', 1, '4571511775177_リップ＆チーク_エタニティレッド_2.jpg', '0'),
(18, 'WHOMEE', 1, '4571511775177_リップ＆チーク_エタニティレッド_1.jpg', '0'),
(19, 'WHOMEE', 1, '4571511773845_ヌメリップ_バニラブラウン.jpg', '0'),
(20, 'WHOMEE', 1, '4571511773746_ヌメリップ_ハニーブラウン.jpg', '0'),
(21, 'WHOMEE', 1, '4571511773739_ヌメリップ_パッションブラウン.jpg', '0'),
(22, 'WHOMEE', 1, '4571511772480_ヌメリップ_パメラレッド.jpg', '0'),
(23, 'WHOMEE', 1, '4571511772473_ヌメリップ_レディッシュブラウン.jpg', '0'),
(24, 'WHOMEE', 1, '4571511772466_ヌメリップ_ポシェミンピンク.jpg', '0'),
(25, 'WHOMEE', 0, 'whomeeロゴ(文字).jpeg', '0');

-- --------------------------------------------------------

--
-- テーブルの構造 `LIP_IMAGE_MAP_MASTER`
--

CREATE TABLE `LIP_IMAGE_MAP_MASTER` (
  `ID` int(10) NOT NULL COMMENT '画像マップID',
  `LIP_ID` int(10) NOT NULL COMMENT 'リップID',
  `IMAGE_ID` int(10) NOT NULL COMMENT '商品画像ID',
  `HIDDEN_FLAG` char(1) NOT NULL DEFAULT '0' COMMENT '非表示フラグ'
) ENGINE=InnoDB DEFAULT CHARSET=utf8mb4;

--
-- テーブルのデータのダンプ `LIP_IMAGE_MAP_MASTER`
--

INSERT INTO `LIP_IMAGE_MAP_MASTER` (`ID`, `LIP_ID`, `IMAGE_ID`, `HIDDEN_FLAG`) VALUES
(49, 20, 1, '0'),
(50, 19, 2, '0'),
(51, 5, 3, '0'),
(52, 8, 4, '0'),
(53, 6, 5, '0'),
(54, 7, 6, '0'),
(55, 9, 7, '0'),
(56, 18, 8, '0'),
(57, 17, 9, '0'),
(58, 16, 10, '0'),
(59, 2, 11, '0'),
(60, 2, 12, '0'),
(61, 3, 13, '0'),
(62, 3, 14, '0'),
(63, 4, 15, '0'),
(64, 4, 16, '0'),
(65, 1, 17, '0'),
(66, 1, 18, '0'),
(67, 10, 19, '0'),
(68, 12, 20, '0'),
(69, 11, 21, '0'),
(70, 15, 22, '0'),
(71, 14, 23, '0'),
(72, 13, 24, '0');

-- --------------------------------------------------------

--
-- テーブルの構造 `LIP_MASTER`
--

CREATE TABLE `LIP_MASTER` (
  `LIP_ID` int(255) NOT NULL COMMENT 'ID',
  `PRODUCT_ID` varchar(500) NOT NULL COMMENT '同一商品判別ID',
  `BRAND_NAME` varchar(500) NOT NULL COMMENT 'ブランド',
  `PRODUCT_NAME` varchar(500) NOT NULL COMMENT '商品名',
  `COLOR_NUMBER` varchar(10) NOT NULL COMMENT '色番号',
  `COLOR_NAME` varchar(500) NOT NULL COMMENT '色名',
  `AMOUNT` int(10) NOT NULL COMMENT '金額（税込）',
  `COLORCODE` varchar(6) NOT NULL COMMENT 'カラーコード（#なし）	',
  `LIMITED_PRODUCT_FLAG` char(1) NOT NULL COMMENT '期間限定品フラグ	',
  `SALES_STOP_FLAG` char(1) NOT NULL COMMENT '販売製造停止フラグ',
  `PR_FLAG` char(1) NOT NULL DEFAULT '0' COMMENT 'PR商品判定フラグ',
  `HIDDEN_FLAG` char(1) NOT NULL DEFAULT '0' COMMENT '非表示フラグ',
  `OFFICIAL_URL` longtext NOT NULL COMMENT '公式ECサイトURL',
  `AMAZON_URL` longtext NOT NULL COMMENT 'AmazonURL',
  `QOO_TEN_URL` longtext NOT NULL COMMENT 'Qoo10URL',
  `INSERT_TIME` datetime NOT NULL DEFAULT CURRENT_TIMESTAMP COMMENT '追加日',
  `UPDATE_TIME` datetime NOT NULL DEFAULT CURRENT_TIMESTAMP COMMENT '更新日'
) ENGINE=InnoDB DEFAULT CHARSET=utf8mb4;

--
-- テーブルのデータのダンプ `LIP_MASTER`
--

INSERT INTO `LIP_MASTER` (`LIP_ID`, `PRODUCT_ID`, `BRAND_NAME`, `PRODUCT_NAME`, `COLOR_NUMBER`, `COLOR_NAME`, `AMOUNT`, `COLORCODE`, `LIMITED_PRODUCT_FLAG`, `SALES_STOP_FLAG`, `PR_FLAG`, `HIDDEN_FLAG`, `OFFICIAL_URL`, `AMAZON_URL`, `QOO_TEN_URL`, `INSERT_TIME`, `UPDATE_TIME`) VALUES
(1, 'FFP0000000001', 'WHOMEE', 'リップ＆チーク', '', 'エタニティレッド', 1540, 'a8353a', '1', '0', '0', '0', 'https://shop.igarishinobu.jp/SHOP/4571511775702.html', 'https://amzn.to/4g6QV3N', 'https://www.qoo10.jp/su/1423078124/Q191493418', '2024-08-11 17:58:05', '2024-08-11 17:58:05'),
(2, 'FFP0000000001', 'WHOMEE', 'リップ＆チーク', '', 'リンダオレンジ', 1540, 'e96852', '1', '0', '0', '0', 'https://shop.igarishinobu.jp/SHOP/4571511775702.html', 'https://amzn.to/47j80n1', 'https://www.qoo10.jp/su/1423078228/Q191493418', '2024-08-11 17:58:22', '2024-08-11 17:58:22'),
(3, 'FFP0000000001', 'WHOMEE', 'リップ＆チーク', '', 'アブラッチョブラウン', 1540, 'c47b5b', '1', '0', '0', '0', 'https://shop.igarishinobu.jp/SHOP/4571511775702.html', 'https://amzn.to/4e5groc', 'https://www.qoo10.jp/su/1423078332/Q191493418', '2024-08-11 17:58:22', '2024-08-11 17:58:22'),
(4, 'FFP0000000001', 'WHOMEE', 'リップ＆チーク', '', 'アムールベージュ', 1540, 'e59d6d', '1', '0', '0', '0', 'https://shop.igarishinobu.jp/SHOP/4571511775702.html', 'https://amzn.to/3X33Uuo', 'https://www.qoo10.jp/su/1423078440/Q191493418', '2024-08-11 17:58:22', '2024-08-11 17:58:22'),
(5, 'FFP0000000002', 'WHOMEE', 'フィルムマットリップ', '', 'ソルキャメル', 1760, 'a45312', '0', '0', '0', '0', 'https://shop.igarishinobu.jp/SHOP/4571511776006.html', 'https://amzn.to/3yZHQJn', 'https://www.qoo10.jp/su/1423078543/Q191493418', '2024-08-11 17:58:22', '2024-08-11 17:58:22'),
(6, 'FFP0000000002', 'WHOMEE', 'フィルムマットリップ', '', 'シェロブラウン', 1760, 'b65e50', '0', '0', '0', '0', 'https://shop.igarishinobu.jp/SHOP/4571511776006.html', 'https://amzn.to/3Mxe7dK', 'https://www.qoo10.jp/su/1423078653/Q191493418', '2024-08-11 17:58:22', '2024-08-11 17:58:22'),
(7, 'FFP0000000002', 'WHOMEE', 'フィルムマットリップ', '', 'モナベージュ', 1760, '702520', '0', '0', '0', '0', 'https://shop.igarishinobu.jp/SHOP/4571511776006.html', 'https://amzn.to/3Z8WSao', 'https://www.qoo10.jp/su/1423078763/Q191493418', '2024-08-11 17:58:22', '2024-08-11 17:58:22'),
(8, 'FFP0000000002', 'WHOMEE', 'フィルムマットリップ', '', 'マルボルドー', 1760, 'c55456', '0', '0', '0', '0', 'https://shop.igarishinobu.jp/SHOP/4571511776006.html', 'https://amzn.to/4cPDSkg', 'https://www.qoo10.jp/su/1423078870/Q191493418', '2024-08-11 17:58:22', '2024-08-11 17:58:22'),
(9, 'FFP0000000002', 'WHOMEE', 'フィルムマットリップ', '', 'シノブピンク', 1760, 'ff90a3', '1', '0', '0', '0', 'https://shop.igarishinobu.jp/SHOP/4571511776006.html', 'https://amzn.to/4cL7mzS', 'https://www.qoo10.jp/su/1423078968/Q191493418', '2024-08-11 17:58:22', '2024-08-11 17:58:22'),
(10, 'FFP0000000003', 'WHOMEE', 'ヌメリップ', '', 'バニラブラウン', 1430, '99562c', '0', '0', '0', '0', 'https://shop.igarishinobu.jp/SHOP/4571511773180.html', 'https://amzn.to/47diXGK', 'https://www.qoo10.jp/su/1423079073/Q191493418', '2024-08-11 17:58:22', '2024-08-11 17:58:22'),
(11, 'FFP0000000003', 'WHOMEE', 'ヌメリップ', '', 'パッションブラウン', 1430, '833821', '0', '0', '0', '0', 'https://shop.igarishinobu.jp/SHOP/4571511773180.html', 'https://amzn.to/4e8pODK', 'https://www.qoo10.jp/su/1423079164/Q191493418', '2024-08-11 17:58:22', '2024-08-11 17:58:22'),
(12, 'FFP0000000003', 'WHOMEE', 'ヌメリップ', '', 'ハニーブラウン', 1430, '89532f', '0', '0', '0', '0', 'https://shop.igarishinobu.jp/SHOP/4571511773180.html', 'https://amzn.to/4g253eu', 'https://www.qoo10.jp/su/1423079261/Q191493418', '2024-08-11 17:58:22', '2024-08-11 17:58:22'),
(13, 'FFP0000000003', 'WHOMEE', 'ヌメリップ', '', 'ポシェミンピンク', 1430, 'd15b73', '1', '0', '0', '0', 'https://shop.igarishinobu.jp/SHOP/4571511773180.html', 'https://amzn.to/3XtFsUw', 'https://www.qoo10.jp/su/1423079359/Q191493418', '2024-08-11 17:58:22', '2024-08-11 17:58:22'),
(14, 'FFP0000000003', 'WHOMEE', 'ヌメリップ', '', 'レディッシュブラウン', 1430, 'a5524a', '0', '0', '0', '0', 'https://shop.igarishinobu.jp/SHOP/4571511773180.html', 'https://amzn.to/3z4ZtYk', 'https://www.qoo10.jp/su/1423079475/Q191493418', '2024-08-11 17:58:22', '2024-08-11 17:58:22'),
(15, 'FFP0000000003', 'WHOMEE', 'ヌメリップ', '', 'パメラレッド', 1430, 'f5354c', '0', '0', '0', '0', 'https://shop.igarishinobu.jp/SHOP/4571511773180.html', 'https://amzn.to/3ZavR6y', 'https://www.qoo10.jp/su/1423079575/Q191493418', '2024-08-11 17:58:22', '2024-08-11 17:58:22'),
(16, 'FFP0000000004', 'WHOMEE', 'プリップライナー', '', 'リップピンク', 1540, 'ec8388', '0', '0', '0', '0', 'https://shop.igarishinobu.jp/SHOP/4571511775818.html', 'https://amzn.to/4gaOey3', 'https://www.qoo10.jp/su/1423079681/Q191493418', '2024-08-11 17:58:22', '2024-08-11 17:58:22'),
(17, 'FFP0000000004', 'WHOMEE', 'プリップライナー', '', 'スキンベージュ', 1540, 'eec6a3', '0', '0', '0', '0', 'https://shop.igarishinobu.jp/SHOP/4571511775818.html', 'https://amzn.to/3TdJyOi', 'https://www.qoo10.jp/su/1423079790/Q191493418', '2024-08-11 17:58:22', '2024-08-11 17:58:22'),
(18, 'FFP0000000004', 'WHOMEE', 'プリップライナー', '', 'リップブラウン', 1540, 'ae7759', '1', '0', '0', '0', 'https://shop.igarishinobu.jp/SHOP/4571511775818.html', 'https://amzn.to/3XrYFpv', 'https://www.qoo10.jp/su/1423079898/Q191493418', '2024-08-11 17:58:22', '2024-08-11 17:58:22'),
(19, 'FFP0000000005', 'WHOMEE', 'リップスティック', '', 'ウォント', 1650, '46262b', '0', '0', '0', '0', 'https://shop.igarishinobu.jp/SHOP/4571511773197.html', 'https://amzn.to/4cLwbf7', 'https://www.qoo10.jp/su/1423080000/Q191493418', '2024-08-11 17:58:22', '2024-08-11 17:58:22'),
(20, 'FFP0000000005', 'WHOMEE', 'リップスティック', '', 'リクエスト', 1650, '4d2023', '1', '0', '0', '0', 'https://shop.igarishinobu.jp/SHOP/4571511773197.html', 'https://amzn.to/3MsQX8D', 'https://www.qoo10.jp/su/1423080088/Q191493418', '2024-08-11 17:58:22', '2024-08-11 17:58:22'),
(21, 'FFP0000000006', 'KATE', 'リップモンスター', '01', '欲望の塊', 1540, 'e81045', '1', '0', '0', '0', 'https://www.kao-kirei.com/ja/item/kbb/kate/4973167820179/?tw=kbb', 'https://amzn.to/3MRyX85', 'https://www.qoo10.jp/su/1416556985/Q191493418', '2024-09-23 16:01:54', '2024-09-23 16:01:54'),
(22, 'FFP0000000006', 'KATE', 'リップモンスター', '02', 'Pink banana', 1540, 'cb4a54', '0', '0', '0', '0', 'https://www.kao-kirei.com/ja/item/kbb/kate/4973167820186/?tw=kbb', 'https://amzn.to/3ZBsDJg', 'https://www.qoo10.jp/su/1416557367/Q191493418', '2024-09-23 16:01:54', '2024-09-23 16:01:54'),
(23, 'FFP0000000006', 'KATE', 'リップモンスター', '03', '陽炎', 1540, 'cc5e58', '0', '0', '0', '0', 'https://www.kao-kirei.com/ja/item/kbb/kate/4973167820193/?tw=kbb', 'https://amzn.to/4efIFx8', 'https://www.qoo10.jp/su/1416557731/Q191493418', '2024-09-23 16:01:54', '2024-09-23 16:01:54'),
(24, 'FFP0000000006', 'KATE', 'リップモンスター', '04', 'パンプキンワイン', 1540, 'ad3832', '0', '0', '0', '0', 'https://www.kao-kirei.com/ja/item/kbb/kate/4973167820209/?tw=kbb', 'https://amzn.to/3ZyxWsZ', 'https://www.qoo10.jp/su/1416558123/Q191493418', '2024-09-23 16:01:54', '2024-09-23 16:01:54'),
(25, 'FFP0000000006', 'KATE', 'リップモンスター', '05', 'ダークフィグ', 1540, '934349', '0', '0', '0', '0', 'https://www.kao-kirei.com/ja/item/kbb/kate/4973167820247/?tw=kbb', 'https://amzn.to/4ebHw9L', 'https://www.qoo10.jp/su/1416558491/Q191493418', '2024-09-23 16:01:54', '2024-09-23 16:01:54'),
(26, 'FFP0000000006', 'KATE', 'リップモンスター', '06', '2:00AM', 1540, '7b1127', '0', '0', '0', '0', 'https://www.kao-kirei.com/ja/item/kbb/kate/4973167820254/?tw=kbb', 'https://amzn.to/3XxWYpr', 'https://www.qoo10.jp/su/1416558869/Q191493418', '2024-09-23 16:01:54', '2024-09-23 16:01:54'),
(27, 'FFP0000000006', 'KATE', 'リップモンスター', '07', 'ラスボス', 1540, 'ab2e42', '0', '0', '0', '0', 'https://www.kao-kirei.com/ja/item/kbb/kate/4973167820308/?tw=kbb', 'https://amzn.to/3TBDm2F', 'https://www.qoo10.jp/su/1416559256/Q191493418', '2024-09-23 16:01:54', '2024-09-23 16:01:54'),
(28, 'FFP0000000006', 'KATE', 'リップモンスター', '08', 'モーヴシャワー', 1540, 'd581a7', '1', '0', '0', '0', 'https://www.kao-kirei.com/ja/item/kbb/kate/4973167820346/?tw=kbb', 'https://amzn.to/3ZvJJIr', 'https://www.qoo10.jp/su/1416559644/Q191493418', '2024-09-23 16:01:54', '2024-09-23 16:01:54'),
(29, 'FFP0000000006', 'KATE', 'リップモンスター', '09', '水晶玉のマダム', 1540, 'b40f2b', '1', '0', '0', '0', 'https://www.kao-kirei.com/ja/item/kbb/kate/4973167820353/?tw=kbb', 'https://amzn.to/3TCN5G3', 'https://www.qoo10.jp/su/1416559998/Q191493418', '2024-09-23 16:01:54', '2024-09-23 16:01:54'),
(30, 'FFP0000000006', 'KATE', 'リップモンスター', '10', '地底探索', 1540, '973431', '1', '0', '0', '0', 'https://www.kao-kirei.com/ja/item/kbb/kate/4973167820360/?tw=kbb', 'https://amzn.to/3XRmPtL', 'https://www.qoo10.jp/su/1416560367/Q191493418', '2024-09-23 16:01:54', '2024-09-23 16:01:54'),
(31, 'FFP0000000006', 'KATE', 'リップモンスター', '11', '5:00AM', 1540, '9b4e49', '1', '0', '0', '0', 'https://www.kao-kirei.com/ja/item/kbb/kate/4973167820377/?tw=kbb', 'https://amzn.to/4deQe5N', 'https://www.qoo10.jp/su/1416560746/Q191493418', '2024-09-23 16:01:54', '2024-09-23 16:01:54'),
(32, 'FFP0000000006', 'KATE', 'リップモンスター', '12', '誓いのルビー', 1540, '741327', '0', '0', '0', '0', 'https://www.kao-kirei.com/ja/item/kbb/kate/4973167054239/?tw=kbb', 'https://amzn.to/3XSfiet', 'https://www.qoo10.jp/su/1416561153/Q191493418', '2024-09-23 16:01:54', '2024-09-23 16:01:54'),
(33, 'FFP0000000006', 'KATE', 'リップモンスター', '13', '3:00AMの微酔', 1540, 'c75471', '0', '0', '0', '0', 'https://www.kao-kirei.com/ja/item/kbb/kate/4973167054253/?tw=kbb', 'https://amzn.to/3TBhp3y', 'https://www.qoo10.jp/su/1416561544/Q191493418', '2024-09-23 16:01:54', '2024-09-23 16:01:54'),
(34, 'FFP0000000006', 'KATE', 'リップモンスター', '14', '憧れの日光浴', 1540, 'b23226', '1', '0', '0', '0', 'https://www.kao-kirei.com/ja/item/kbb/kate/4973167054260/?tw=kbb', 'https://amzn.to/3TE2eXk', 'https://www.qoo10.jp/su/1416561944/Q191493418', '2024-09-23 16:01:54', '2024-09-23 16:01:54'),
(35, 'FFP0000000006', 'KATE', 'リップモンスター', '15', '綿雲33000ft', 1540, 'cf585d', '0', '0', '0', '0', 'https://www.kao-kirei.com/ja/item/kbb/kate/4973167534687/?tw=kbb', 'https://amzn.to/4gC3Evq', 'https://www.qoo10.jp/su/1416579090/Q191493418', '2024-09-23 16:01:54', '2024-09-23 16:01:54'),
(36, 'FFP0000000006', 'KATE', 'リップモンスター', '16', '100億haの砂海', 1540, 'a1593d', '0', '0', '0', '0', 'https://www.kao-kirei.com/ja/item/kbb/kate/4973167534694/?tw=kbb', 'https://amzn.to/3TFlmUX', 'https://www.qoo10.jp/su/1416579481/Q191493418', '2024-09-23 16:01:54', '2024-09-23 16:01:54'),
(37, 'FFP0000000006', 'KATE', 'リップモンスター', '17', '神秘のローズ園', 1540, 'aa4f53', '0', '0', '0', '0', 'https://www.kao-kirei.com/ja/item/kbb/kate/4973167534700/?tw=kbb', 'https://amzn.to/3XRmXcJ', 'https://www.qoo10.jp/su/1416579855/Q191493418', '2024-09-23 16:01:54', '2024-09-23 16:01:54'),
(38, 'FFP0000000007', 'KATE', 'リップモンスター スフレマット', 'M01', '深紅の闇', 1650, 'a03a3d', '0', '0', '0', '0', 'https://www.kao-kirei.com/ja/item/kbb/kate/4973167091418/?tw=kbb', 'https://amzn.to/3ZBsPbs', 'https://www.qoo10.jp/su/1417201797/Q191493418', '2024-09-23 16:01:54', '2024-09-23 16:01:54'),
(39, 'FFP0000000007', 'KATE', 'リップモンスター スフレマット', 'M02', '枯れない桜', 1650, 'ba5152', '0', '0', '0', '0', 'https://www.kao-kirei.com/ja/item/kbb/kate/4973167091425/?tw=kbb', 'https://amzn.to/4db6rZK', 'https://www.qoo10.jp/su/1417202062/Q191493418', '2024-09-23 16:01:54', '2024-09-23 16:01:54'),
(40, 'FFP0000000007', 'KATE', 'リップモンスター スフレマット', 'M03', '祝いの紙吹雪', 1650, 'b04555', '0', '0', '0', '0', 'https://www.kao-kirei.com/ja/item/kbb/kate/4973167091432/?tw=kbb', 'https://amzn.to/3BndReZ', 'https://www.qoo10.jp/su/1417202313/Q191493418', '2024-09-23 16:01:54', '2024-09-23 16:01:54'),
(41, 'FFP0000000007', 'KATE', 'リップモンスター スフレマット', 'M04', 'ゴーストムーン０：００ＡＭ', 1650, '923d2e', '0', '0', '0', '0', 'https://www.kao-kirei.com/ja/item/kbb/kate/4973167091449/?tw=kbb', 'https://amzn.to/4efIWAa', 'https://www.qoo10.jp/su/1417202535/Q191493418', '2024-09-23 16:01:54', '2024-09-23 16:01:54'),
(42, 'FFP0000000007', 'KATE', 'リップモンスター スフレマット', 'M05', '泥霧', 1650, 'a45a51', '0', '0', '0', '0', 'https://www.kao-kirei.com/ja/item/kbb/kate/4973167091456/?tw=kbb', 'https://amzn.to/3TFCeuN', 'https://www.qoo10.jp/su/1417202757/Q191493418', '2024-09-23 16:01:54', '2024-09-23 16:01:54'),
(43, 'FFP0000000007', 'KATE', 'リップモンスター スフレマット', 'M06', '掘りたて紅土', 1650, '8e423f', '0', '0', '0', '0', 'https://www.kao-kirei.com/ja/item/kbb/kate/4973167521533/?tw=kbb', 'https://amzn.to/4dhL0q3', 'https://www.qoo10.jp/su/1417203035/Q191493418', '2024-09-23 16:01:54', '2024-09-23 16:01:54'),
(44, 'FFP0000000007', 'KATE', 'リップモンスター スフレマット', 'M07', '焦がしパンの運命', 1650, '91483a', '0', '0', '0', '0', 'https://www.kao-kirei.com/ja/item/kbb/kate/4973167521540/?tw=kbb', 'https://amzn.to/3XPK5Zc', 'https://www.qoo10.jp/su/1417203314/Q191493418', '2024-09-23 16:01:54', '2024-09-23 16:01:54'),
(45, 'FFP0000000007', 'KATE', 'リップモンスター スフレマット', 'M08', 'どよめくバンケット', 1650, '985c5d', '0', '0', '0', '0', 'https://www.kao-kirei.com/ja/item/kbb/kate/4973167521557/?tw=kbb', 'https://www.amazon.co.jp/s?k=KATE+%E3%83%AA%E3%83%83%E3%83%97%E3%83%A2%E3%83%B3%E3%82%B9%E3%82%BF%E3%83%BC+%E3%82%B9%E3%83%95%E3%83%AC%E3%83%9E%E3%83%83%E3%83%88+%E3%81%A9%E3%82%88%E3%82%81%E3%81%8F%E3%83%90%E3%83%B3%E3%82%B1%E3%83%83%E3%83%88&i=instant-video&__mk_ja_JP=%E3%82%AB%E3%82%BF%E3%82%AB%E3%83%8A&crid=2EWEI53QYFWMZ&sprefix=kate+%E3%83%AA%E3%83%83%E3%83%97%E3%83%A2%E3%83%B3%E3%82%B9%E3%82%BF%E3%83%BC+%E3%82%B9%E3%83%95%E3%83%AC%E3%83%9E%E3%83%83%E3%83%88+%E3%81%A9%E3%82%88%E3%82%81%2Cinstant-video%2C640&linkCode=sl2&tag=ytakehir00-22&linkId=1d9a882a0d61c23da83c72788966f588&language=ja_JP&ref_=as_li_ss_tl', 'https://www.qoo10.jp/su/1417204134/Q191493418', '2024-09-23 16:01:54', '2024-09-23 16:01:54'),
(46, 'FFP0000000008', 'KATE', 'リップモンスター スフレマット', 'EX-1', '蜜柑雲シフォン', 1650, 'd57a5f', '0', '0', '0', '0', 'https://www.kao-kirei.com/ja/item/kbb/kate/4973167533819/?tw=kbb', 'https://amzn.to/3BdtVQF', 'https://www.qoo10.jp/su/1417196543/Q191493418', '2024-09-23 16:01:54', '2024-09-23 16:01:54'),
(47, 'FFP0000000008', 'KATE', 'リップモンスター スフレマット', 'EX-2', '羊雲のゆりかご', 1650, 'bd6d7a', '0', '0', '0', '0', 'https://www.kao-kirei.com/ja/item/kbb/kate/4973167533826/?tw=kbb', 'https://amzn.to/4gwszAF', 'https://www.qoo10.jp/su/1417196774/Q191493418', '2024-09-23 16:01:54', '2024-09-23 16:01:54'),
(48, 'FFP0000000009', 'KATE', 'リップモンスター', '101', '１／３６５の日の出', 1760, 'ef6326', '1', '1', '0', '0', 'https://www.kao-kirei.com/ja/item/kbb/kate/4973167299500/?tw=kbb', 'https://amzn.to/4gAsLPh', 'https://www.qoo10.jp/su/1417197084/Q191493418', '2024-09-23 16:01:54', '2024-09-23 16:01:54'),
(49, 'FFP0000000009', 'KATE', 'リップモンスター', '102', '甘い主役', 1760, '6e362b', '1', '1', '0', '0', 'https://www.kao-kirei.com/ja/item/kbb/kate/4973167300008/?tw=kbb', 'https://www.amazon.co.jp/s?k=KATE+%E3%83%AA%E3%83%83%E3%83%97%E3%83%A2%E3%83%B3%E3%82%B9%E3%82%BF%E3%83%BC+%E7%94%98%E3%81%84%E4%B8%BB%E5%BD%B9&i=instant-video&__mk_ja_JP=%E3%82%AB%E3%82%BF%E3%82%AB%E3%83%8A&crid=3DMWL3DTTRTP1&sprefix=kate+%E3%83%AA%2Cinstant-video%2C313&linkCode=sl2&tag=ytakehir00-22&linkId=89501b627afe00fe3c607d226fa0329b&language=ja_JP&ref_=as_li_ss_tl', 'https://www.qoo10.jp/su/1417197363/Q191493418', '2024-09-23 16:01:54', '2024-09-23 16:01:54'),
(50, 'FFP0000000009', 'KATE', 'リップモンスター', '103', '秘めた炎', 1760, '743326', '1', '1', '0', '0', 'https://www.kao-kirei.com/ja/item/kbb/kate/4973167300886/?tw=kbb', 'https://amzn.to/3BdtSnX', 'https://www.qoo10.jp/su/1417197625/Q191493418', '2024-09-23 16:01:54', '2024-09-23 16:01:54'),
(51, 'FFP0000000009', 'KATE', 'リップモンスター', '104', '桜色のひと時', 1760, '984641', '1', '1', '0', '0', 'https://www.kao-kirei.com/ja/item/kbb/kate/4973167365687/?tw=kbb', 'https://amzn.to/3TBDLlH', 'https://www.qoo10.jp/su/1417197864/Q191493418', '2024-09-23 16:01:54', '2024-09-23 16:01:54'),
(52, 'FFP0000000009', 'KATE', 'リップモンスター', '105', '日没後の情熱', 1760, 'ad1b24', '1', '1', '0', '0', 'https://www.kao-kirei.com/ja/item/kbb/kate/4973167365694/?tw=kbb', 'https://amzn.to/4ev8OHQ', 'https://www.qoo10.jp/su/1417198109/Q191493418', '2024-09-23 16:01:54', '2024-09-23 16:01:54'),
(53, 'FFP0000000009', 'KATE', 'リップモンスター', '106', '夜雲の涙', 1760, '87238c', '1', '1', '0', '0', 'https://www.kao-kirei.com/ja/item/kbb/kate/4973167367063/?tw=kbb', 'https://amzn.to/47zXCYi', 'https://www.qoo10.jp/su/1417198347/Q191493418', '2024-09-23 16:01:54', '2024-09-23 16:01:54'),
(54, 'FFP0000000009', 'KATE', 'リップモンスター', '107', '紅折り紙の願い', 1760, '9e2037', '1', '1', '0', '0', 'https://www.kao-kirei.com/ja/item/kbb/kate/4973167520321/?tw=kbb', 'https://amzn.to/4eawlhn', 'https://www.qoo10.jp/su/1417198611/Q191493418', '2024-09-23 16:01:54', '2024-09-23 16:01:54'),
(55, 'FFP0000000009', 'KATE', 'リップモンスター', '108', 'レッドバケーション', 1760, 'f8483d', '1', '1', '0', '0', 'https://www.kao-kirei.com/ja/item/kbb/kate/4973167520338/?tw=kbb', 'https://amzn.to/4edXvE6', 'https://www.qoo10.jp/su/1417199589/Q191493418', '2024-09-23 16:01:54', '2024-09-23 16:01:54'),
(56, 'FFP0000000009', 'KATE', 'リップモンスター', '109', '６：５９ＰＭ', 1760, 'b2391c', '1', '1', '0', '0', 'https://www.kao-kirei.com/ja/item/kbb/kate/4973167520345/?tw=kbb', 'https://amzn.to/4edw9On', 'https://www.qoo10.jp/su/1417199836/Q191493418', '2024-09-23 16:01:54', '2024-09-23 16:01:54'),
(57, 'FFP0000000009', 'KATE', 'リップモンスター', '110', '闇夜のファンファーレ', 1760, 'aa3329', '1', '1', '0', '0', 'https://www.kao-kirei.com/ja/item/kbb/kate/4973167520383/?tw=kbb', 'https://amzn.to/3TEnNar', 'https://www.qoo10.jp/su/1417200094/Q191493418', '2024-09-23 16:01:54', '2024-09-23 16:01:54'),
(58, 'FFP0000000009', 'KATE', 'リップモンスター', '111', '茜の静寂', 1760, '972411', '1', '1', '0', '0', 'https://www.kao-kirei.com/ja/item/kbb/kate/4973167520390/?tw=kbb', 'https://amzn.to/3XUIJN3', 'https://www.qoo10.jp/su/1417200341/Q191493418', '2024-09-23 16:01:54', '2024-09-23 16:01:54'),
(59, 'FFP0000000009', 'KATE', 'リップモンスター', '112', '真夜中の褒美', 1760, '6f3228', '1', '1', '0', '0', 'https://www.kao-kirei.com/ja/item/kbb/kate/4973167520406/?tw=kbb', 'https://amzn.to/4eaUpAZ', 'https://www.qoo10.jp/su/1417200610/Q191493418', '2024-09-23 16:01:54', '2024-09-23 16:01:54'),
(60, 'FFP0000000010', 'KATE', 'リップモンスター クリアトーン', 'C01', '炎化モンスター', 1320, 'd56b7c', '0', '0', '0', '0', 'https://www.kao-kirei.com/ja/item/kbb/kate/4973167556078/?tw=kbb', 'https://amzn.to/3Bn8sEM', 'https://www.qoo10.jp/su/1417200873/Q191493418', '2024-09-23 16:01:54', '2024-09-23 16:01:54'),
(61, 'FFP0000000010', 'KATE', 'リップモンスター クリアトーン', 'C02', '肉色モンスター', 1320, 'dd7887', '0', '0', '0', '0', 'https://www.kao-kirei.com/ja/item/kbb/kate/4973167556085/?tw=kbb', 'https://amzn.to/3Bg63Mk', 'https://www.qoo10.jp/su/1417201202/Q191493418', '2024-09-23 16:01:54', '2024-09-23 16:01:54'),
(62, 'FFP0000000010', 'KATE', 'リップモンスター クリアトーン', 'C03', '枝化モンスター', 1320, 'd6856c', '0', '0', '0', '0', 'https://www.kao-kirei.com/ja/item/kbb/kate/4973167556092/?tw=kbb', 'https://amzn.to/4ecyLfE', 'https://www.qoo10.jp/su/1417201552/Q191493418', '2024-09-23 16:01:54', '2024-09-23 16:01:54'),
(63, 'FFP0000000011', 'KATE', 'リップモンスターカラートナー', 'EX-1', '苔色モンスター', 1650, 'c6c972', '0', '0', '0', '0', 'https://www.kao-kirei.com/ja/item/kbb/kate/4973167529287/?tw=kbb', 'https://amzn.to/3zsRNPE', 'https://www.qoo10.jp/su/1417204352/Q191493418', '2024-09-23 16:01:54', '2024-09-23 16:01:54'),
(64, 'FFP0000000011', 'KATE', 'リップモンスターカラートナー', 'EX-2', '鉄色モンスター', 1650, 'a9a4aa', '0', '0', '0', '0', 'https://www.kao-kirei.com/ja/item/kbb/kate/4973167529294/?tw=kbb', 'https://amzn.to/47AS7bD', 'https://www.qoo10.jp/su/1417204603/Q191493418', '2024-09-23 16:01:54', '2024-09-23 16:01:54'),
(65, 'FFP0000000012', 'DIOR', 'ルージュ ディオール', '028', 'アクトリス サテン (数量限定色)', 5940, 'ff5e66', '1', '0', '0', '0', 'https://www.dior.com/ja_jp/beauty/products/%E3%83%AB%E3%83%BC%E3%82%B8%E3%83%A5-%E3%83%87%E3%82%A3%E3%82%AA%E3%83%BC%E3%83%AB-Y0356009.html#%E3%82%B5%E3%83%86%E3%83%B3', 'https://amzn.to/4diR01D', 'https://www.qoo10.jp/su/1416562326/Q191493418', '2024-09-23 16:01:54', '2024-09-23 16:01:54'),
(66, 'FFP0000000012', 'DIOR', 'ルージュ ディオール', '100V', 'ヌード ルック ベルベット', 5940, 'd58177', '0', '0', '0', '0', 'https://www.dior.com/ja_jp/beauty/products/%E3%83%AB%E3%83%BC%E3%82%B8%E3%83%A5-%E3%83%87%E3%82%A3%E3%82%AA%E3%83%BC%E3%83%AB-Y0356009.html#%E3%82%B5%E3%83%86%E3%83%B4', 'https://amzn.to/3ZA5eb3', 'https://www.qoo10.jp/su/1416562721/Q191493418', '2024-09-23 16:01:54', '2024-09-23 16:01:54'),
(67, 'FFP0000000012', 'DIOR', 'ルージュ ディオール', '100S', 'ヌード ルック サテン', 5940, 'e3726a', '0', '0', '0', '0', 'https://www.dior.com/ja_jp/beauty/products/%E3%83%AB%E3%83%BC%E3%82%B8%E3%83%A5-%E3%83%87%E3%82%A3%E3%82%AA%E3%83%BC%E3%83%AB-Y0356009.html#%E3%82%B5%E3%83%86%E3%83%B5', 'https://www.amazon.co.jp/s?k=DIOR+%E3%83%AB%E3%83%BC%E3%82%B8%E3%83%A5+%E3%83%87%E3%82%A3%E3%82%AA%E3%83%BC%E3%83%AB+%E3%83%8C%E3%83%BC%E3%83%89+%E3%83%AB%E3%83%83%E3%82%AF+%E3%82%B5%E3%83%86%E3%83%B3&i=instant-video&__mk_ja_JP=%E3%82%AB%E3%82%BF%E3%82%AB%E3%83%8A&crid=5LNSUU2KWO69&sprefix=dior+%E3%83%AB%E3%83%BC%E3%82%B8%E3%83%A5+%E3%83%87%E3%82%A3%E3%82%AA%E3%83%BC%E3%83%AB+%E3%83%8C%E3%83%BC%E3%83%89+%E3%83%AB%E3%83%83%2Cinstant-video%2C560&linkCode=sl2&tag=ytakehir00-22&linkId=7f15267b5d4b3f888a4daa514566bdf7&language=ja_JP&ref_=as_li_ss_tl', 'https://www.qoo10.jp/su/1416563104/Q191493418', '2024-09-23 16:01:54', '2024-09-23 16:01:54'),
(68, 'FFP0000000012', 'DIOR', 'ルージュ ディオール', '200', 'ヌード タッチ ベルベット', 5940, 'd07965', '0', '0', '0', '0', 'https://www.dior.com/ja_jp/beauty/products/%E3%83%AB%E3%83%BC%E3%82%B8%E3%83%A5-%E3%83%87%E3%82%A3%E3%82%AA%E3%83%BC%E3%83%AB-Y0356009.html#%E3%82%B5%E3%83%86%E3%83%B6', 'https://amzn.to/4gsVC8h', 'https://www.qoo10.jp/su/1416563482/Q191493418', '2024-09-23 16:01:54', '2024-09-23 16:01:54'),
(69, 'FFP0000000012', 'DIOR', 'ルージュ ディオール', '217', 'コロール ベルベット (数量限定色)', 5940, 'cf6e65', '1', '0', '0', '0', 'https://www.dior.com/ja_jp/beauty/products/%E3%83%AB%E3%83%BC%E3%82%B8%E3%83%A5-%E3%83%87%E3%82%A3%E3%82%AA%E3%83%BC%E3%83%AB-Y0356009.html#%E3%82%B5%E3%83%86%E3%83%B7', 'https://amzn.to/3ZAqKN0', 'https://www.qoo10.jp/su/1416563878/Q191493418', '2024-09-23 16:01:54', '2024-09-23 16:01:54'),
(70, 'FFP0000000012', 'DIOR', 'ルージュ ディオール', '219', 'ローズ モンテーニュ サテン (数量限定色)', 5940, 'ee8973', '1', '0', '0', '0', 'https://www.dior.com/ja_jp/beauty/products/%E3%83%AB%E3%83%BC%E3%82%B8%E3%83%A5-%E3%83%87%E3%82%A3%E3%82%AA%E3%83%BC%E3%83%AB-Y0356009.html#%E3%82%B5%E3%83%86%E3%83%B8', 'https://amzn.to/4e3yf3r', 'https://www.qoo10.jp/su/1416564228/Q191493418', '2024-09-23 16:01:54', '2024-09-23 16:01:54'),
(71, 'FFP0000000012', 'DIOR', 'ルージュ ディオール', '221', 'フルフル ベルベット (数量限定色)', 5940, 'da9188', '1', '0', '0', '0', 'https://www.dior.com/ja_jp/beauty/products/%E3%83%AB%E3%83%BC%E3%82%B8%E3%83%A5-%E3%83%87%E3%82%A3%E3%82%AA%E3%83%BC%E3%83%AB-Y0356009.html#%E3%82%B5%E3%83%86%E3%83%B9', 'https://amzn.to/3XBEh4h', 'https://www.qoo10.jp/su/1416564557/Q191493418', '2024-09-23 16:01:54', '2024-09-23 16:01:54'),
(72, 'FFP0000000012', 'DIOR', 'ルージュ ディオール', '240', 'ジャドール サテン', 5940, 'da745b', '0', '0', '0', '0', 'https://www.dior.com/ja_jp/beauty/products/%E3%83%AB%E3%83%BC%E3%82%B8%E3%83%A5-%E3%83%87%E3%82%A3%E3%82%AA%E3%83%BC%E3%83%AB-Y0356009.html#%E3%82%B5%E3%83%86%E3%83%B10', 'https://amzn.to/4dinHMK', 'https://www.qoo10.jp/su/1416564964/Q191493418', '2024-09-23 16:01:54', '2024-09-23 16:01:54'),
(73, 'FFP0000000012', 'DIOR', 'ルージュ ディオール', '277', 'オゼ サテン', 5940, 'f97185', '0', '0', '0', '0', 'https://www.dior.com/ja_jp/beauty/products/%E3%83%AB%E3%83%BC%E3%82%B8%E3%83%A5-%E3%83%87%E3%82%A3%E3%82%AA%E3%83%BC%E3%83%AB-Y0356009.html#%E3%82%B5%E3%83%86%E3%83%B11', 'https://amzn.to/3XxXrId', 'https://www.qoo10.jp/su/1416565329/Q191493418', '2024-09-23 16:01:54', '2024-09-23 16:01:54'),
(74, 'FFP0000000012', 'DIOR', 'ルージュ ディオール', '300', 'ヌード スタイル ベルベット', 5940, 'b67162', '0', '0', '0', '0', 'https://www.dior.com/ja_jp/beauty/products/%E3%83%AB%E3%83%BC%E3%82%B8%E3%83%A5-%E3%83%87%E3%82%A3%E3%82%AA%E3%83%BC%E3%83%AB-Y0356009.html#%E3%82%B5%E3%83%86%E3%83%B12', 'https://amzn.to/4dhCYNC', 'https://www.qoo10.jp/su/1416565712/Q191493418', '2024-09-23 16:01:54', '2024-09-23 16:01:54'),
(75, 'FFP0000000012', 'DIOR', 'ルージュ ディオール', '360', 'スフレ ドゥ ローズ ベルベット', 5940, 'bc6e6a', '0', '0', '0', '0', 'https://www.dior.com/ja_jp/beauty/products/%E3%83%AB%E3%83%BC%E3%82%B8%E3%83%A5-%E3%83%87%E3%82%A3%E3%82%AA%E3%83%BC%E3%83%AB-Y0356009.html#%E3%82%B5%E3%83%86%E3%83%B13', 'https://amzn.to/4dwz4Rr', 'https://www.qoo10.jp/su/1416566137/Q191493418', '2024-09-23 16:01:54', '2024-09-23 16:01:54'),
(76, 'FFP0000000012', 'DIOR', 'ルージュ ディオール', '365', 'ニュー ワールド サテン', 5940, 'ff7c74', '0', '0', '0', '0', 'https://www.dior.com/ja_jp/beauty/products/%E3%83%AB%E3%83%BC%E3%82%B8%E3%83%A5-%E3%83%87%E3%82%A3%E3%82%AA%E3%83%BC%E3%83%AB-Y0356009.html#%E3%82%B5%E3%83%86%E3%83%B14', 'https://amzn.to/4diKojE', 'https://www.qoo10.jp/su/1416566501/Q191493418', '2024-09-23 16:01:54', '2024-09-23 16:01:54'),
(77, 'FFP0000000012', 'DIOR', 'ルージュ ディオール', '429', 'ローズ ブルース ベルベット', 5940, 'c57a7e', '0', '0', '0', '0', 'https://www.dior.com/ja_jp/beauty/products/%E3%83%AB%E3%83%BC%E3%82%B8%E3%83%A5-%E3%83%87%E3%82%A3%E3%82%AA%E3%83%BC%E3%83%AB-Y0356009.html#%E3%82%B5%E3%83%86%E3%83%B15', 'https://amzn.to/3TFCKJf', 'https://www.qoo10.jp/su/1416566904/Q191493418', '2024-09-23 16:01:54', '2024-09-23 16:01:54'),
(78, 'FFP0000000012', 'DIOR', 'ルージュ ディオール', '434', 'プロムナード サテン', 5940, 'da7468', '0', '0', '0', '0', 'https://www.dior.com/ja_jp/beauty/products/%E3%83%AB%E3%83%BC%E3%82%B8%E3%83%A5-%E3%83%87%E3%82%A3%E3%82%AA%E3%83%BC%E3%83%AB-Y0356009.html#%E3%82%B5%E3%83%86%E3%83%B16', 'https://amzn.to/3TFlJPl', 'https://www.qoo10.jp/su/1416567215/Q191493418', '2024-09-23 16:01:54', '2024-09-23 16:01:54'),
(79, 'FFP0000000012', 'DIOR', 'ルージュ ディオール', '458', 'パリ サテン', 5940, 'ee5d62', '0', '0', '0', '0', 'https://www.dior.com/ja_jp/beauty/products/%E3%83%AB%E3%83%BC%E3%82%B8%E3%83%A5-%E3%83%87%E3%82%A3%E3%82%AA%E3%83%BC%E3%83%AB-Y0356009.html#%E3%82%B5%E3%83%86%E3%83%B17', 'https://amzn.to/3zvJTFg', 'https://www.qoo10.jp/su/1416567571/Q191493418', '2024-09-23 16:01:54', '2024-09-23 16:01:54'),
(80, 'FFP0000000012', 'DIOR', 'ルージュ ディオール', '525', 'シェリー サテン', 5940, 'e45a50', '0', '0', '0', '0', 'https://www.dior.com/ja_jp/beauty/products/%E3%83%AB%E3%83%BC%E3%82%B8%E3%83%A5-%E3%83%87%E3%82%A3%E3%82%AA%E3%83%BC%E3%83%AB-Y0356009.html#%E3%82%B5%E3%83%86%E3%83%B18', 'https://amzn.to/3TFD3DT', 'https://www.qoo10.jp/su/1416568693/Q191493418', '2024-09-23 16:01:54', '2024-09-23 16:01:54'),
(81, 'FFP0000000012', 'DIOR', 'ルージュ ディオール', '556', 'エメ サテン', 5940, 'de5340', '0', '0', '0', '0', 'https://www.dior.com/ja_jp/beauty/products/%E3%83%AB%E3%83%BC%E3%82%B8%E3%83%A5-%E3%83%87%E3%82%A3%E3%82%AA%E3%83%BC%E3%83%AB-Y0356009.html#%E3%82%B5%E3%83%86%E3%83%B19', 'https://amzn.to/4ecCXvQ', 'https://www.qoo10.jp/su/1416569051/Q191493418', '2024-09-23 16:01:54', '2024-09-23 16:01:54'),
(82, 'FFP0000000012', 'DIOR', 'ルージュ ディオール', '581', 'ヴィルヴォルト ベルベット', 5940, 'c65662', '0', '0', '0', '0', 'https://www.dior.com/ja_jp/beauty/products/%E3%83%AB%E3%83%BC%E3%82%B8%E3%83%A5-%E3%83%87%E3%82%A3%E3%82%AA%E3%83%BC%E3%83%AB-Y0356009.html#%E3%82%B5%E3%83%86%E3%83%B20', 'https://amzn.to/3ziY7cD', 'https://www.qoo10.jp/su/1416569432/Q191493418', '2024-09-23 16:01:54', '2024-09-23 16:01:54'),
(83, 'FFP0000000012', 'DIOR', 'ルージュ ディオール', '644', 'シドニー サテン', 5940, 'da434c', '0', '0', '0', '0', 'https://www.dior.com/ja_jp/beauty/products/%E3%83%AB%E3%83%BC%E3%82%B8%E3%83%A5-%E3%83%87%E3%82%A3%E3%82%AA%E3%83%BC%E3%83%AB-Y0356009.html#%E3%82%B5%E3%83%86%E3%83%B21', 'https://www.amazon.co.jp/s?k=DIOR+%E3%83%AB%E3%83%BC%E3%82%B8%E3%83%A5+%E3%83%87%E3%82%A3%E3%82%AA%E3%83%BC%E3%83%AB+%E3%82%B7%E3%83%89%E3%83%8B%E3%83%BC+%E3%82%B5%E3%83%86%E3%83%B3&i=instant-video&__mk_ja_JP=%E3%82%AB%E3%82%BF%E3%82%AB%E3%83%8A&crid=2AHNAZTUJI7V7&sprefix=dior+%E3%83%AB%E3%83%BC%E3%82%B8%2Cinstant-video%2C448&linkCode=sl2&tag=ytakehir00-22&linkId=ca600dd3f811d4d78d736a13c3f1b1f5&language=ja_JP&ref_=as_li_ss_tl', 'https://www.qoo10.jp/su/1416569812/Q191493418', '2024-09-23 16:01:54', '2024-09-23 16:01:54'),
(84, 'FFP0000000012', 'DIOR', 'ルージュ ディオール', '678', 'カルト サテン (数量限定色)', 5940, 'ed406e', '1', '0', '0', '0', 'https://www.dior.com/ja_jp/beauty/products/%E3%83%AB%E3%83%BC%E3%82%B8%E3%83%A5-%E3%83%87%E3%82%A3%E3%82%AA%E3%83%BC%E3%83%AB-Y0356009.html#%E3%82%B5%E3%83%86%E3%83%B22', 'https://amzn.to/3zstDEZ', 'https://www.qoo10.jp/su/1416570210/Q191493418', '2024-09-23 16:01:54', '2024-09-23 16:01:54'),
(85, 'FFP0000000012', 'DIOR', 'ルージュ ディオール', '683', 'ランデヴー サテン', 5940, 'dc5d54', '0', '0', '0', '0', 'https://www.dior.com/ja_jp/beauty/products/%E3%83%AB%E3%83%BC%E3%82%B8%E3%83%A5-%E3%83%87%E3%82%A3%E3%82%AA%E3%83%BC%E3%83%AB-Y0356009.html#%E3%82%B5%E3%83%86%E3%83%B23', 'https://amzn.to/4exOtS2', 'https://www.qoo10.jp/su/1416571814/Q191493418', '2024-09-23 16:01:54', '2024-09-23 16:01:54'),
(86, 'FFP0000000012', 'DIOR', 'ルージュ ディオール', '720S', 'アイコン サテン', 5940, 'c84f54', '0', '0', '0', '0', 'https://www.dior.com/ja_jp/beauty/products/%E3%83%AB%E3%83%BC%E3%82%B8%E3%83%A5-%E3%83%87%E3%82%A3%E3%82%AA%E3%83%BC%E3%83%AB-Y0356009.html#%E3%82%B5%E3%83%86%E3%83%B24', 'https://amzn.to/3zEAZVT', 'https://www.qoo10.jp/su/1416572213/Q191493418', '2024-09-23 16:01:54', '2024-09-23 16:01:54'),
(87, 'FFP0000000012', 'DIOR', 'ルージュ ディオール', '724', 'タンドレス ベルベット', 5940, 'bb6c68', '0', '0', '0', '0', 'https://www.dior.com/ja_jp/beauty/products/%E3%83%AB%E3%83%BC%E3%82%B8%E3%83%A5-%E3%83%87%E3%82%A3%E3%82%AA%E3%83%BC%E3%83%AB-Y0356009.html#%E3%82%B5%E3%83%86%E3%83%B25', 'https://amzn.to/3ZzSu4n', 'https://www.qoo10.jp/su/1416572588/Q191493418', '2024-09-23 16:01:54', '2024-09-23 16:01:54'),
(88, 'FFP0000000012', 'DIOR', 'ルージュ ディオール', '743', 'ルージュ ジニア サテン (数量限定色)', 5940, 'd42c2b', '1', '0', '0', '0', 'https://www.dior.com/ja_jp/beauty/products/%E3%83%AB%E3%83%BC%E3%82%B8%E3%83%A5-%E3%83%87%E3%82%A3%E3%82%AA%E3%83%BC%E3%83%AB-Y0356009.html#%E3%82%B5%E3%83%86%E3%83%B26', 'https://amzn.to/4eAEPyn', 'https://www.qoo10.jp/su/1416572982/Q191493418', '2024-09-23 16:01:54', '2024-09-23 16:01:54'),
(89, 'FFP0000000012', 'DIOR', 'ルージュ ディオール', '771', 'ラディアント ベルベット', 5940, 'fb423d', '0', '0', '0', '0', 'https://www.dior.com/ja_jp/beauty/products/%E3%83%AB%E3%83%BC%E3%82%B8%E3%83%A5-%E3%83%87%E3%82%A3%E3%82%AA%E3%83%BC%E3%83%AB-Y0356009.html#%E3%82%B5%E3%83%86%E3%83%B27', 'https://amzn.to/3Y3dyPL', 'https://www.qoo10.jp/su/1416575677/Q191493418', '2024-09-23 16:01:54', '2024-09-23 16:01:54'),
(90, 'FFP0000000012', 'DIOR', 'ルージュ ディオール', '777', 'ファーレンハイト ベルベット', 5940, 'bd3623', '0', '0', '0', '0', 'https://www.dior.com/ja_jp/beauty/products/%E3%83%AB%E3%83%BC%E3%82%B8%E3%83%A5-%E3%83%87%E3%82%A3%E3%82%AA%E3%83%BC%E3%83%AB-Y0356009.html#%E3%82%B5%E3%83%86%E3%83%B28', 'https://amzn.to/4eB9LP3', 'https://www.qoo10.jp/su/1416576079/Q191493418', '2024-09-23 16:01:54', '2024-09-23 16:01:54'),
(91, 'FFP0000000012', 'DIOR', 'ルージュ ディオール', '784', 'ルージュ ローズ ベルベット', 5940, 'e11f54', '0', '0', '0', '0', 'https://www.dior.com/ja_jp/beauty/products/%E3%83%AB%E3%83%BC%E3%82%B8%E3%83%A5-%E3%83%87%E3%82%A3%E3%82%AA%E3%83%BC%E3%83%AB-Y0356009.html#%E3%82%B5%E3%83%86%E3%83%B29', 'https://amzn.to/3MSFIGq', 'https://www.qoo10.jp/su/1416576433/Q191493418', '2024-09-23 16:01:54', '2024-09-23 16:01:54'),
(92, 'FFP0000000012', 'DIOR', 'ルージュ ディオール', '818', 'ビー ラブド サテン', 5940, 'b53029', '0', '0', '0', '0', 'https://www.dior.com/ja_jp/beauty/products/%E3%83%AB%E3%83%BC%E3%82%B8%E3%83%A5-%E3%83%87%E3%82%A3%E3%82%AA%E3%83%BC%E3%83%AB-Y0356009.html#%E3%82%B5%E3%83%86%E3%83%B30', 'https://amzn.to/3MUgzvb', 'https://www.qoo10.jp/su/1416576800/Q191493418', '2024-09-23 16:01:54', '2024-09-23 16:01:54'),
(93, 'FFP0000000012', 'DIOR', 'ルージュ ディオール', '849', 'ルージュ シネマ サテン', 5940, 'cd3c29', '0', '0', '0', '0', 'https://www.dior.com/ja_jp/beauty/products/%E3%83%AB%E3%83%BC%E3%82%B8%E3%83%A5-%E3%83%87%E3%82%A3%E3%82%AA%E3%83%BC%E3%83%AB-Y0356009.html#%E3%82%B5%E3%83%86%E3%83%B31', 'https://amzn.to/47xSxzD', 'https://www.qoo10.jp/su/1416577213/Q191493418', '2024-09-23 16:01:54', '2024-09-23 16:01:54'),
(94, 'FFP0000000012', 'DIOR', 'ルージュ ディオール', '999S', 'サテン', 5940, 'dd0d0b', '0', '0', '0', '0', 'https://www.dior.com/ja_jp/beauty/products/%E3%83%AB%E3%83%BC%E3%82%B8%E3%83%A5-%E3%83%87%E3%82%A3%E3%82%AA%E3%83%BC%E3%83%AB-Y0356009.html#%E3%82%B5%E3%83%86%E3%83%B32', 'https://amzn.to/3XxY7NL', 'https://www.qoo10.jp/su/1416578280/Q191493418', '2024-09-23 16:01:54', '2024-09-23 16:01:54'),
(95, 'FFP0000000013', 'DIOR', 'ディオール アディクト リップ グロウ オイル', '000', 'ユニバーサルクリア', 4730, 'f8f1f3', '0', '0', '0', '0', 'https://www.dior.com/ja_jp/beauty/products/%E3%83%87%E3%82%A3%E3%82%AA%E3%83%BC%E3%83%AB-%E3%82%A2%E3%83%87%E3%82%A3%E3%82%AF%E3%83%88-%E3%83%AA%E3%83%83%E3%83%97-%E3%82%B0%E3%83%AD%E3%82%A6-%E3%82%AA%E3%82%A4%E3%83%AB-Y0124000.html', 'https://amzn.to/3MZ505K', 'https://www.qoo10.jp/su/1417242148/Q191493418', '2024-09-23 16:01:54', '2024-09-23 16:01:54'),
(96, 'FFP0000000013', 'DIOR', 'ディオール アディクト リップ グロウ オイル', '001', 'ピンク', 4730, 'f3a3a5', '0', '0', '0', '0', 'https://www.dior.com/ja_jp/beauty/products/%E3%83%87%E3%82%A3%E3%82%AA%E3%83%BC%E3%83%AB-%E3%82%A2%E3%83%87%E3%82%A3%E3%82%AF%E3%83%88-%E3%83%AA%E3%83%83%E3%83%97-%E3%82%B0%E3%83%AD%E3%82%A6-%E3%82%AA%E3%82%A4%E3%83%AB-Y0124000.html', 'https://www.amazon.co.jp/s?k=DIOR+%E3%83%87%E3%82%A3%E3%82%AA%E3%83%BC%E3%83%AB+%E3%82%A2%E3%83%87%E3%82%A3%E3%82%AF%E3%83%88+%E3%83%AA%E3%83%83%E3%83%97+%E3%82%B0%E3%83%AD%E3%82%A6+%E3%82%AA%E3%82%A4%E3%83%AB+%E3%83%94%E3%83%B3%E3%82%AF&i=instant-video&__mk_ja_JP=%E3%82%AB%E3%82%BF%E3%82%AB%E3%83%8A&crid=39ZHLR25HMO4W&sprefix=dior+%E3%83%87%2Cinstant-video%2C573&linkCode=sl2&tag=ytakehir00-22&linkId=36e838ef7bf44cdd8220f8fea843f9f6&language=ja_JP&ref_=as_li_ss_tl', 'https://www.qoo10.jp/su/1417242337/Q191493418', '2024-09-23 16:01:54', '2024-09-23 16:01:54'),
(97, 'FFP0000000013', 'DIOR', 'ディオール アディクト リップ グロウ オイル', '004', 'コーラル', 4730, 'f08754', '0', '0', '0', '0', 'https://www.dior.com/ja_jp/beauty/products/%E3%83%87%E3%82%A3%E3%82%AA%E3%83%BC%E3%83%AB-%E3%82%A2%E3%83%87%E3%82%A3%E3%82%AF%E3%83%88-%E3%83%AA%E3%83%83%E3%83%97-%E3%82%B0%E3%83%AD%E3%82%A6-%E3%82%AA%E3%82%A4%E3%83%AB-Y0124000.html', 'https://amzn.to/3XBFA33', 'https://www.qoo10.jp/su/1417242531/Q191493418', '2024-09-23 16:01:54', '2024-09-23 16:01:54'),
(98, 'FFP0000000013', 'DIOR', 'ディオール アディクト リップ グロウ オイル', '006', 'ベリー', 4730, '922c62', '0', '0', '0', '0', 'https://www.dior.com/ja_jp/beauty/products/%E3%83%87%E3%82%A3%E3%82%AA%E3%83%BC%E3%83%AB-%E3%82%A2%E3%83%87%E3%82%A3%E3%82%AF%E3%83%88-%E3%83%AA%E3%83%83%E3%83%97-%E3%82%B0%E3%83%AD%E3%82%A6-%E3%82%AA%E3%82%A4%E3%83%AB-Y0124000.html', 'https://amzn.to/4gzh0IU', 'https://www.qoo10.jp/su/1417242712/Q191493418', '2024-09-23 16:01:54', '2024-09-23 16:01:54'),
(99, 'FFP0000000013', 'DIOR', 'ディオール アディクト リップ グロウ オイル', '012', 'ローズウッド', 4730, 'bd4744', '0', '0', '0', '0', 'https://www.dior.com/ja_jp/beauty/products/%E3%83%87%E3%82%A3%E3%82%AA%E3%83%BC%E3%83%AB-%E3%82%A2%E3%83%87%E3%82%A3%E3%82%AF%E3%83%88-%E3%83%AA%E3%83%83%E3%83%97-%E3%82%B0%E3%83%AD%E3%82%A6-%E3%82%AA%E3%82%A4%E3%83%AB-Y0124000.html', 'https://amzn.to/3MTufGM', 'https://www.qoo10.jp/su/1417242871/Q191493418', '2024-09-23 16:01:54', '2024-09-23 16:01:54'),
(100, 'FFP0000000013', 'DIOR', 'ディオール アディクト リップ グロウ オイル', '015', 'チェリー', 4730, 'e94050', '0', '0', '0', '0', 'https://www.dior.com/ja_jp/beauty/products/%E3%83%87%E3%82%A3%E3%82%AA%E3%83%BC%E3%83%AB-%E3%82%A2%E3%83%87%E3%82%A3%E3%82%AF%E3%83%88-%E3%83%AA%E3%83%83%E3%83%97-%E3%82%B0%E3%83%AD%E3%82%A6-%E3%82%AA%E3%82%A4%E3%83%AB-Y0124000.html', 'https://amzn.to/3zjV3wS', 'https://www.qoo10.jp/su/1417243058/Q191493418', '2024-09-23 16:01:54', '2024-09-23 16:01:54'),
(101, 'FFP0000000013', 'DIOR', 'ディオール アディクト リップ グロウ', '000', 'ユニバーサルクリア', 4730, 'fcf0e6', '0', '0', '0', '0', 'https://www.dior.com/ja_jp/beauty/products/%E3%83%87%E3%82%A3%E3%82%AA%E3%83%BC%E3%83%AB-%E3%82%A2%E3%83%87%E3%82%A3%E3%82%AF%E3%83%88-%E3%83%AA%E3%83%83%E3%83%97-%E3%82%B0%E3%83%AD%E3%82%A6-Y0996214.html', 'https://amzn.to/3TBECCV', 'https://www.qoo10.jp/su/1417243216/Q191493418', '2024-09-23 16:01:54', '2024-09-23 16:01:54'),
(102, 'FFP0000000013', 'DIOR', 'ディオール アディクト リップ グロウ', '001', 'ピンク', 4730, 'f8bcc0', '0', '0', '0', '0', 'https://www.dior.com/ja_jp/beauty/products/%E3%83%87%E3%82%A3%E3%82%AA%E3%83%BC%E3%83%AB-%E3%82%A2%E3%83%87%E3%82%A3%E3%82%AF%E3%83%88-%E3%83%AA%E3%83%83%E3%83%97-%E3%82%B0%E3%83%AD%E3%82%A6-Y0996214.html', 'https://amzn.to/47CHbdJ', 'https://www.qoo10.jp/su/1417243360/Q191493418', '2024-09-23 16:01:54', '2024-09-23 16:01:54'),
(103, 'FFP0000000013', 'DIOR', 'ディオール アディクト リップ グロウ', '004', 'コーラル', 4730, 'ef7a64', '0', '0', '0', '0', 'https://www.dior.com/ja_jp/beauty/products/%E3%83%87%E3%82%A3%E3%82%AA%E3%83%BC%E3%83%AB-%E3%82%A2%E3%83%87%E3%82%A3%E3%82%AF%E3%83%88-%E3%83%AA%E3%83%83%E3%83%97-%E3%82%B0%E3%83%AD%E3%82%A6-Y0996214.html', 'https://amzn.to/3MTujX2', 'https://www.qoo10.jp/su/1417243539/Q191493418', '2024-09-23 16:01:54', '2024-09-23 16:01:54'),
(104, 'FFP0000000013', 'DIOR', 'ディオール アディクト リップ グロウ', '006', 'ベリー', 4730, '96406a', '0', '0', '0', '0', 'https://www.dior.com/ja_jp/beauty/products/%E3%83%87%E3%82%A3%E3%82%AA%E3%83%BC%E3%83%AB-%E3%82%A2%E3%83%87%E3%82%A3%E3%82%AF%E3%83%88-%E3%83%AA%E3%83%83%E3%83%97-%E3%82%B0%E3%83%AD%E3%82%A6-Y0996214.html', 'https://amzn.to/3BduI45', 'https://www.qoo10.jp/su/1417243701/Q191493418', '2024-09-23 16:01:54', '2024-09-23 16:01:54'),
(105, 'FFP0000000013', 'DIOR', 'ディオール アディクト リップ グロウ', '007', 'ラズベリー', 4730, 'de255f', '0', '0', '0', '0', 'https://www.dior.com/ja_jp/beauty/products/%E3%83%87%E3%82%A3%E3%82%AA%E3%83%BC%E3%83%AB-%E3%82%A2%E3%83%87%E3%82%A3%E3%82%AF%E3%83%88-%E3%83%AA%E3%83%83%E3%83%97-%E3%82%B0%E3%83%AD%E3%82%A6-Y0996214.html', 'https://amzn.to/3zt8Voo', 'https://www.qoo10.jp/su/1417243876/Q191493418', '2024-09-23 16:01:54', '2024-09-23 16:01:54'),
(106, 'FFP0000000013', 'DIOR', 'ディオール アディクト リップ グロウ', '008', 'ウルトラ ピンク (オンラインブティック限定色)', 4730, 'ec6180', '1', '0', '0', '0', 'https://www.dior.com/ja_jp/beauty/products/%E3%83%87%E3%82%A3%E3%82%AA%E3%83%BC%E3%83%AB-%E3%82%A2%E3%83%87%E3%82%A3%E3%82%AF%E3%83%88-%E3%83%AA%E3%83%83%E3%83%97-%E3%82%B0%E3%83%AD%E3%82%A6-Y0996214.html', 'https://amzn.to/47xSUKx', 'https://www.qoo10.jp/su/1417244041/Q191493418', '2024-09-23 16:01:54', '2024-09-23 16:01:54'),
(107, 'FFP0000000013', 'DIOR', 'ディオール アディクト リップ グロウ', '012', 'ローズウッド', 4730, 'c97072', '0', '0', '0', '0', 'https://www.dior.com/ja_jp/beauty/products/%E3%83%87%E3%82%A3%E3%82%AA%E3%83%BC%E3%83%AB-%E3%82%A2%E3%83%87%E3%82%A3%E3%82%AF%E3%83%88-%E3%83%AA%E3%83%83%E3%83%97-%E3%82%B0%E3%83%AD%E3%82%A6-Y0996214.html', 'https://amzn.to/47DJrBe', 'https://www.qoo10.jp/su/1417244200/Q191493418', '2024-09-23 16:01:54', '2024-09-23 16:01:54'),
(108, 'FFP0000000013', 'DIOR', 'ディオール アディクト リップ グロウ', '020', 'マホガニー', 4730, '763c37', '0', '0', '0', '0', 'https://www.dior.com/ja_jp/beauty/products/%E3%83%87%E3%82%A3%E3%82%AA%E3%83%BC%E3%83%AB-%E3%82%A2%E3%83%87%E3%82%A3%E3%82%AF%E3%83%88-%E3%83%AA%E3%83%83%E3%83%97-%E3%82%B0%E3%83%AD%E3%82%A6-Y0996214.html', 'https://amzn.to/47zTQOu', 'https://www.qoo10.jp/su/1417244348/Q191493418', '2024-09-23 16:01:54', '2024-09-23 16:01:54'),
(109, 'FFP0000000013', 'DIOR', 'ディオール アディクト リップ グロウ', '055', 'ソフト ローズ (展開店舗限定色)', 4730, 'a85463', '1', '0', '0', '0', 'https://www.dior.com/ja_jp/beauty/products/%E3%83%87%E3%82%A3%E3%82%AA%E3%83%BC%E3%83%AB-%E3%82%A2%E3%83%87%E3%82%A3%E3%82%AF%E3%83%88-%E3%83%AA%E3%83%83%E3%83%97-%E3%82%B0%E3%83%AD%E3%82%A6-Y0996214.html', 'https://amzn.to/3zqHdZy', 'https://www.qoo10.jp/su/1417244508/Q191493418', '2024-09-23 16:01:54', '2024-09-23 16:01:54'),
(110, 'FFP0000000013', 'DIOR', 'ディオール アディクト リップ グロウ', '061', 'ポピー コーラル(サマー コレクション 2024 数量限定色)', 4730, 'fd6a63', '1', '0', '0', '0', 'https://www.dior.com/ja_jp/beauty/products/%E3%83%87%E3%82%A3%E3%82%AA%E3%83%BC%E3%83%AB-%E3%82%A2%E3%83%87%E3%82%A3%E3%82%AF%E3%83%88-%E3%83%AA%E3%83%83%E3%83%97-%E3%82%B0%E3%83%AD%E3%82%A6-Y0996214.html', 'https://amzn.to/3ZyurCY', 'https://www.qoo10.jp/su/1417244656/Q191493418', '2024-09-23 16:01:54', '2024-09-23 16:01:54'),
(111, 'FFP0000000013', 'DIOR', 'ディオール アディクト リップ グロウ', '063', 'ピンク ライラック(サマー コレクション 2024 数量限定色)', 4730, 'd89dcb', '1', '0', '0', '0', 'https://www.dior.com/ja_jp/beauty/products/%E3%83%87%E3%82%A3%E3%82%AA%E3%83%BC%E3%83%AB-%E3%82%A2%E3%83%87%E3%82%A3%E3%82%AF%E3%83%88-%E3%83%AA%E3%83%83%E3%83%97-%E3%82%B0%E3%83%AD%E3%82%A6-Y0996214.html', 'https://amzn.to/3XRwXTm', 'https://www.qoo10.jp/su/1417244808/Q191493418', '2024-09-23 16:01:54', '2024-09-23 16:01:54'),
(112, 'FFP0000000013', 'DIOR', 'ディオール アディクト リップ グロウ', '', 'DIOR 8', 4730, '961810', '0', '0', '0', '0', 'https://www.dior.com/ja_jp/beauty/products/%E3%83%87%E3%82%A3%E3%82%AA%E3%83%BC%E3%83%AB-%E3%82%A2%E3%83%87%E3%82%A3%E3%82%AF%E3%83%88-%E3%83%AA%E3%83%83%E3%83%97-%E3%82%B0%E3%83%AD%E3%82%A6-Y0996214.html', 'https://amzn.to/3TEku3b', 'https://www.qoo10.jp/su/1417244953/Q191493418', '2024-09-23 16:01:54', '2024-09-23 16:01:54'),
(113, 'FFP0000000014', 'DIOR', 'ディオール アディクト リップ マキシマイザー', '001', 'ピンク', 4730, 'f8babd', '0', '0', '0', '0', 'https://www.dior.com/ja_jp/beauty/products/%E3%83%87%E3%82%A3%E3%82%AA%E3%83%BC%E3%83%AB-%E3%82%A2%E3%83%87%E3%82%A3%E3%82%AF%E3%83%88-%E3%83%AA%E3%83%83%E3%83%97-%E3%83%9E%E3%82%AD%E3%82%B7%E3%83%9E%E3%82%A4%E3%82%B6%E3%83%BC-Y0319000.html', 'https://amzn.to/3BbbBaF', 'https://www.qoo10.jp/su/1417245115/Q191493418', '2024-09-23 16:01:54', '2024-09-23 16:01:54'),
(114, 'FFP0000000014', 'DIOR', 'ディオール アディクト リップ マキシマイザー', '003', 'ホログラフィック ラベンダー', 4730, 'ec83ab', '0', '0', '0', '0', 'https://www.dior.com/ja_jp/beauty/products/%E3%83%87%E3%82%A3%E3%82%AA%E3%83%BC%E3%83%AB-%E3%82%A2%E3%83%87%E3%82%A3%E3%82%AF%E3%83%88-%E3%83%AA%E3%83%83%E3%83%97-%E3%83%9E%E3%82%AD%E3%82%B7%E3%83%9E%E3%82%A4%E3%82%B6%E3%83%BC-Y0319000.html', 'https://amzn.to/3TFDuhv', 'https://www.qoo10.jp/su/1417245287/Q191493418', '2024-09-23 16:01:54', '2024-09-23 16:01:54'),
(115, 'FFP0000000014', 'DIOR', 'ディオール アディクト リップ マキシマイザー', '004', 'コーラル', 4730, 'fc7e68', '0', '0', '0', '0', 'https://www.dior.com/ja_jp/beauty/products/%E3%83%87%E3%82%A3%E3%82%AA%E3%83%BC%E3%83%AB-%E3%82%A2%E3%83%87%E3%82%A3%E3%82%AF%E3%83%88-%E3%83%AA%E3%83%83%E3%83%97-%E3%83%9E%E3%82%AD%E3%82%B7%E3%83%9E%E3%82%A4%E3%82%B6%E3%83%BC-Y0319000.html', 'https://amzn.to/3MVdMlm', 'https://www.qoo10.jp/su/1417245430/Q191493418', '2024-09-23 16:01:54', '2024-09-23 16:01:54'),
(116, 'FFP0000000014', 'DIOR', 'ディオール アディクト リップ マキシマイザー', '005', 'シマー ストロベリー', 4730, 'fa5b81', '0', '0', '0', '0', 'https://www.dior.com/ja_jp/beauty/products/%E3%83%87%E3%82%A3%E3%82%AA%E3%83%BC%E3%83%AB-%E3%82%A2%E3%83%87%E3%82%A3%E3%82%AF%E3%83%88-%E3%83%AA%E3%83%83%E3%83%97-%E3%83%9E%E3%82%AD%E3%82%B7%E3%83%9E%E3%82%A4%E3%82%B6%E3%83%BC-Y0319000.html', 'https://amzn.to/3zw6FwF', 'https://www.qoo10.jp/su/1417245565/Q191493418', '2024-09-23 16:01:54', '2024-09-23 16:01:54'),
(117, 'FFP0000000014', 'DIOR', 'ディオール アディクト リップ マキシマイザー', '006', 'ベリー', 4730, 'a74c89', '0', '0', '0', '0', 'https://www.dior.com/ja_jp/beauty/products/%E3%83%87%E3%82%A3%E3%82%AA%E3%83%BC%E3%83%AB-%E3%82%A2%E3%83%87%E3%82%A3%E3%82%AF%E3%83%88-%E3%83%AA%E3%83%83%E3%83%97-%E3%83%9E%E3%82%AD%E3%82%B7%E3%83%9E%E3%82%A4%E3%82%B6%E3%83%BC-Y0319000.html', 'https://amzn.to/4gDelhx', 'https://www.qoo10.jp/su/1417245703/Q191493418', '2024-09-23 16:01:54', '2024-09-23 16:01:54'),
(118, 'FFP0000000014', 'DIOR', 'ディオール アディクト リップ マキシマイザー', '007', 'ラズベリー', 4730, 'cd3172', '0', '0', '0', '0', 'https://www.dior.com/ja_jp/beauty/products/%E3%83%87%E3%82%A3%E3%82%AA%E3%83%BC%E3%83%AB-%E3%82%A2%E3%83%87%E3%82%A3%E3%82%AF%E3%83%88-%E3%83%AA%E3%83%83%E3%83%97-%E3%83%9E%E3%82%AD%E3%82%B7%E3%83%9E%E3%82%A4%E3%82%B6%E3%83%BC-Y0319000.html', 'https://amzn.to/4eediTr', 'https://www.qoo10.jp/su/1417245822/Q191493418', '2024-09-23 16:01:54', '2024-09-23 16:01:54'),
(119, 'FFP0000000014', 'DIOR', 'ディオール アディクト リップ マキシマイザー', '009', 'インテンス ローズウッド', 4730, 'b5515b', '0', '0', '0', '0', 'https://www.dior.com/ja_jp/beauty/products/%E3%83%87%E3%82%A3%E3%82%AA%E3%83%BC%E3%83%AB-%E3%82%A2%E3%83%87%E3%82%A3%E3%82%AF%E3%83%88-%E3%83%AA%E3%83%83%E3%83%97-%E3%83%9E%E3%82%AD%E3%82%B7%E3%83%9E%E3%82%A4%E3%82%B6%E3%83%BC-Y0319000.html', 'https://amzn.to/4evf4PH', 'https://www.qoo10.jp/su/1417245922/Q191493418', '2024-09-23 16:01:54', '2024-09-23 16:01:54'),
(120, 'FFP0000000014', 'DIOR', 'ディオール アディクト リップ マキシマイザー', '010', 'ホログラフィック ピンク', 4730, 'ef7687', '0', '0', '0', '0', 'https://www.dior.com/ja_jp/beauty/products/%E3%83%87%E3%82%A3%E3%82%AA%E3%83%BC%E3%83%AB-%E3%82%A2%E3%83%87%E3%82%A3%E3%82%AF%E3%83%88-%E3%83%AA%E3%83%83%E3%83%97-%E3%83%9E%E3%82%AD%E3%82%B7%E3%83%9E%E3%82%A4%E3%82%B6%E3%83%BC-Y0319000.html', 'https://amzn.to/3B709Nh', 'https://www.qoo10.jp/su/1417246051/Q191493418', '2024-09-23 16:01:54', '2024-09-23 16:01:54'),
(121, 'FFP0000000014', 'DIOR', 'ディオール アディクト リップ マキシマイザー', '012', 'ローズウッド', 4730, 'bc6065', '0', '0', '0', '0', 'https://www.dior.com/ja_jp/beauty/products/%E3%83%87%E3%82%A3%E3%82%AA%E3%83%BC%E3%83%AB-%E3%82%A2%E3%83%87%E3%82%A3%E3%82%AF%E3%83%88-%E3%83%AA%E3%83%83%E3%83%97-%E3%83%9E%E3%82%AD%E3%82%B7%E3%83%9E%E3%82%A4%E3%82%B6%E3%83%BC-Y0319000.html', 'https://amzn.to/4eca1Eg', 'https://www.qoo10.jp/su/1417246176/Q191493418', '2024-09-23 16:01:54', '2024-09-23 16:01:54'),
(122, 'FFP0000000014', 'DIOR', 'ディオール アディクト リップ マキシマイザー', '014', 'シマー マカダミア', 4730, 'c57f81', '0', '0', '0', '0', 'https://www.dior.com/ja_jp/beauty/products/%E3%83%87%E3%82%A3%E3%82%AA%E3%83%BC%E3%83%AB-%E3%82%A2%E3%83%87%E3%82%A3%E3%82%AF%E3%83%88-%E3%83%AA%E3%83%83%E3%83%97-%E3%83%9E%E3%82%AD%E3%82%B7%E3%83%9E%E3%82%A4%E3%82%B6%E3%83%BC-Y0319000.html', 'https://amzn.to/3BdvmP3', 'https://www.qoo10.jp/su/1417246329/Q191493418', '2024-09-23 16:01:54', '2024-09-23 16:01:54'),
(123, 'FFP0000000014', 'DIOR', 'ディオール アディクト リップ マキシマイザー', '018', 'インテンス スパイス', 4730, 'b95553', '0', '0', '0', '0', 'https://www.dior.com/ja_jp/beauty/products/%E3%83%87%E3%82%A3%E3%82%AA%E3%83%BC%E3%83%AB-%E3%82%A2%E3%83%87%E3%82%A3%E3%82%AF%E3%83%88-%E3%83%AA%E3%83%83%E3%83%97-%E3%83%9E%E3%82%AD%E3%82%B7%E3%83%9E%E3%82%A4%E3%82%B6%E3%83%BC-Y0319000.html', 'https://amzn.to/3THsOir', 'https://www.qoo10.jp/su/1417246472/Q191493418', '2024-09-23 16:01:54', '2024-09-23 16:01:54'),
(124, 'FFP0000000014', 'DIOR', 'ディオール アディクト リップ マキシマイザー', '019', 'シマー ピーチ', 4730, 'e4626e', '0', '0', '0', '0', 'https://www.dior.com/ja_jp/beauty/products/%E3%83%87%E3%82%A3%E3%82%AA%E3%83%BC%E3%83%AB-%E3%82%A2%E3%83%87%E3%82%A3%E3%82%AF%E3%83%88-%E3%83%AA%E3%83%83%E3%83%97-%E3%83%9E%E3%82%AD%E3%82%B7%E3%83%9E%E3%82%A4%E3%82%B6%E3%83%BC-Y0319000.html', 'https://amzn.to/4dghgd3', 'https://www.qoo10.jp/su/1417246619/Q191493418', '2024-09-23 16:01:54', '2024-09-23 16:01:54'),
(125, 'FFP0000000014', 'DIOR', 'ディオール アディクト リップ マキシマイザー', '020', 'マホガニー', 4730, '4a1d1a', '0', '0', '0', '0', 'https://www.dior.com/ja_jp/beauty/products/%E3%83%87%E3%82%A3%E3%82%AA%E3%83%BC%E3%83%AB-%E3%82%A2%E3%83%87%E3%82%A3%E3%82%AF%E3%83%88-%E3%83%AA%E3%83%83%E3%83%97-%E3%83%9E%E3%82%AD%E3%82%B7%E3%83%9E%E3%82%A4%E3%82%B6%E3%83%BC-Y0319000.html', 'https://amzn.to/4excTv5', 'https://www.qoo10.jp/su/1417246760/Q191493418', '2024-09-23 16:01:54', '2024-09-23 16:01:54'),
(126, 'FFP0000000014', 'DIOR', 'ディオール アディクト リップ マキシマイザー', '022', 'インテンス レッド', 4730, 'c3112b', '0', '0', '0', '0', 'https://www.dior.com/ja_jp/beauty/products/%E3%83%87%E3%82%A3%E3%82%AA%E3%83%BC%E3%83%AB-%E3%82%A2%E3%83%87%E3%82%A3%E3%82%AF%E3%83%88-%E3%83%AA%E3%83%83%E3%83%97-%E3%83%9E%E3%82%AD%E3%82%B7%E3%83%9E%E3%82%A4%E3%82%B6%E3%83%BC-Y0319000.html', 'https://amzn.to/3ZyCZK7', 'https://www.qoo10.jp/su/1417246897/Q191493418', '2024-09-23 16:01:54', '2024-09-23 16:01:54'),
(127, 'FFP0000000014', 'DIOR', 'ディオール アディクト リップ マキシマイザー', '023', 'シマー フューシャ', 4730, 'c22749', '0', '0', '0', '0', 'https://www.dior.com/ja_jp/beauty/products/%E3%83%87%E3%82%A3%E3%82%AA%E3%83%BC%E3%83%AB-%E3%82%A2%E3%83%87%E3%82%A3%E3%82%AF%E3%83%88-%E3%83%AA%E3%83%83%E3%83%97-%E3%83%9E%E3%82%AD%E3%82%B7%E3%83%9E%E3%82%A4%E3%82%B6%E3%83%BC-Y0319000.html', 'https://amzn.to/4dfzVFK', 'https://www.qoo10.jp/su/1417247042/Q191493418', '2024-09-23 16:01:54', '2024-09-23 16:01:54'),
(128, 'FFP0000000014', 'DIOR', 'ディオール アディクト リップ マキシマイザー', '024', 'インテンス ブリック', 4730, 'bb4e54', '0', '0', '0', '0', 'https://www.dior.com/ja_jp/beauty/products/%E3%83%87%E3%82%A3%E3%82%AA%E3%83%BC%E3%83%AB-%E3%82%A2%E3%83%87%E3%82%A3%E3%82%AF%E3%83%88-%E3%83%AA%E3%83%83%E3%83%97-%E3%83%9E%E3%82%AD%E3%82%B7%E3%83%9E%E3%82%A4%E3%82%B6%E3%83%BC-Y0319000.html', 'https://amzn.to/47CHzZJ', 'https://www.qoo10.jp/su/1417247145/Q191493418', '2024-09-23 16:01:54', '2024-09-23 16:01:54'),
(129, 'FFP0000000014', 'DIOR', 'ディオール アディクト リップ マキシマイザー', '026', 'インテンス モーヴ', 4730, 'b45968', '0', '0', '0', '0', 'https://www.dior.com/ja_jp/beauty/products/%E3%83%87%E3%82%A3%E3%82%AA%E3%83%BC%E3%83%AB-%E3%82%A2%E3%83%87%E3%82%A3%E3%82%AF%E3%83%88-%E3%83%AA%E3%83%83%E3%83%97-%E3%83%9E%E3%82%AD%E3%82%B7%E3%83%9E%E3%82%A4%E3%82%B6%E3%83%BC-Y0319000.html', 'https://amzn.to/3Zt6gFY', 'https://www.qoo10.jp/su/1417247290/Q191493418', '2024-09-23 16:01:54', '2024-09-23 16:01:54'),
(130, 'FFP0000000014', 'DIOR', 'ディオール アディクト リップ マキシマイザー', '027', 'インテンス フィグ', 4730, 'c35363', '0', '0', '0', '0', 'https://www.dior.com/ja_jp/beauty/products/%E3%83%87%E3%82%A3%E3%82%AA%E3%83%BC%E3%83%AB-%E3%82%A2%E3%83%87%E3%82%A3%E3%82%AF%E3%83%88-%E3%83%AA%E3%83%83%E3%83%97-%E3%83%9E%E3%82%AD%E3%82%B7%E3%83%9E%E3%82%A4%E3%82%B6%E3%83%BC-Y0319000.html', 'https://amzn.to/3Zu4sfS', 'https://www.qoo10.jp/su/1417247444/Q191493418', '2024-09-23 16:01:54', '2024-09-23 16:01:54'),
(131, 'FFP0000000014', 'DIOR', 'ディオール アディクト リップ マキシマイザー', '028', 'インテンス ディオール 8', 4730, 'ae0d03', '0', '0', '0', '0', 'https://www.dior.com/ja_jp/beauty/products/%E3%83%87%E3%82%A3%E3%82%AA%E3%83%BC%E3%83%AB-%E3%82%A2%E3%83%87%E3%82%A3%E3%82%AF%E3%83%88-%E3%83%AA%E3%83%83%E3%83%97-%E3%83%9E%E3%82%AD%E3%82%B7%E3%83%9E%E3%82%A4%E3%82%B6%E3%83%BC-Y0319000.html', 'https://amzn.to/3XSKt9q', 'https://www.qoo10.jp/su/1417247565/Q191493418', '2024-09-23 16:01:54', '2024-09-23 16:01:54');
INSERT INTO `LIP_MASTER` (`LIP_ID`, `PRODUCT_ID`, `BRAND_NAME`, `PRODUCT_NAME`, `COLOR_NUMBER`, `COLOR_NAME`, `AMOUNT`, `COLORCODE`, `LIMITED_PRODUCT_FLAG`, `SALES_STOP_FLAG`, `PR_FLAG`, `HIDDEN_FLAG`, `OFFICIAL_URL`, `AMAZON_URL`, `QOO_TEN_URL`, `INSERT_TIME`, `UPDATE_TIME`) VALUES
(132, 'FFP0000000014', 'DIOR', 'ディオール アディクト リップ マキシマイザー', '029', 'インテンス グレープ', 4730, 'ae0d03', '0', '0', '0', '0', 'https://www.dior.com/ja_jp/beauty/products/%E3%83%87%E3%82%A3%E3%82%AA%E3%83%BC%E3%83%AB-%E3%82%A2%E3%83%87%E3%82%A3%E3%82%AF%E3%83%88-%E3%83%AA%E3%83%83%E3%83%97-%E3%83%9E%E3%82%AD%E3%82%B7%E3%83%9E%E3%82%A4%E3%82%B6%E3%83%BC-Y0319000.html', 'https://amzn.to/4gC5jkE', 'https://www.qoo10.jp/su/1417247697/Q191493418', '2024-09-23 16:01:54', '2024-09-23 16:01:54'),
(133, 'FFP0000000014', 'DIOR', 'ディオール アディクト リップ マキシマイザー', '038', 'ローズ ヌード', 4730, 'b85c5d', '0', '0', '0', '0', 'https://www.dior.com/ja_jp/beauty/products/%E3%83%87%E3%82%A3%E3%82%AA%E3%83%BC%E3%83%AB-%E3%82%A2%E3%83%87%E3%82%A3%E3%82%AF%E3%83%88-%E3%83%AA%E3%83%83%E3%83%97-%E3%83%9E%E3%82%AD%E3%82%B7%E3%83%9E%E3%82%A4%E3%82%B6%E3%83%BC-Y0319000.html', 'https://amzn.to/4ef9CAU', 'https://www.qoo10.jp/su/1417247817/Q191493418', '2024-09-23 16:01:54', '2024-09-23 16:01:54'),
(134, 'FFP0000000014', 'DIOR', 'ディオール アディクト リップ マキシマイザー', '039', 'インテンス シナモン', 4730, 'b34c47', '0', '0', '0', '0', 'https://www.dior.com/ja_jp/beauty/products/%E3%83%87%E3%82%A3%E3%82%AA%E3%83%BC%E3%83%AB-%E3%82%A2%E3%83%87%E3%82%A3%E3%82%AF%E3%83%88-%E3%83%AA%E3%83%83%E3%83%97-%E3%83%9E%E3%82%AD%E3%82%B7%E3%83%9E%E3%82%A4%E3%82%B6%E3%83%BC-Y0319000.html', 'https://amzn.to/3MWa7nC', 'https://www.qoo10.jp/su/1417247953/Q191493418', '2024-09-23 16:01:54', '2024-09-23 16:01:54'),
(135, 'FFP0000000014', 'DIOR', 'ディオール アディクト リップ マキシマイザー', '040', 'インテンス ブルーベリー', 4730, '680114', '0', '0', '0', '0', 'https://www.dior.com/ja_jp/beauty/products/%E3%83%87%E3%82%A3%E3%82%AA%E3%83%BC%E3%83%AB-%E3%82%A2%E3%83%87%E3%82%A3%E3%82%AF%E3%83%88-%E3%83%AA%E3%83%83%E3%83%97-%E3%83%9E%E3%82%AD%E3%82%B7%E3%83%9E%E3%82%A4%E3%82%B6%E3%83%BC-Y0319000.html', 'https://amzn.to/4gxZ6Gw', 'https://www.qoo10.jp/su/1417248072/Q191493418', '2024-09-23 16:01:54', '2024-09-23 16:01:54'),
(136, 'FFP0000000014', 'DIOR', 'ディオール アディクト リップ マキシマイザー', '061', 'ポピー コーラル(数量限定色)', 4730, 'ff7865', '1', '0', '0', '0', 'https://www.dior.com/ja_jp/beauty/products/%E3%83%87%E3%82%A3%E3%82%AA%E3%83%BC%E3%83%AB-%E3%82%A2%E3%83%87%E3%82%A3%E3%82%AF%E3%83%88-%E3%83%AA%E3%83%83%E3%83%97-%E3%83%9E%E3%82%AD%E3%82%B7%E3%83%9E%E3%82%A4%E3%82%B6%E3%83%BC-Y0319000.html', 'https://amzn.to/4e9ppBh', 'https://www.qoo10.jp/su/1417248185/Q191493418', '2024-09-23 16:01:54', '2024-09-23 16:01:54'),
(137, 'FFP0000000014', 'DIOR', 'ディオール アディクト リップ マキシマイザー', '063', 'ピンク ライラック(数量限定色)', 4730, 'eeb0c9', '1', '0', '0', '0', 'https://www.dior.com/ja_jp/beauty/products/%E3%83%87%E3%82%A3%E3%82%AA%E3%83%BC%E3%83%AB-%E3%82%A2%E3%83%87%E3%82%A3%E3%82%AF%E3%83%88-%E3%83%AA%E3%83%83%E3%83%97-%E3%83%9E%E3%82%AD%E3%82%B7%E3%83%9E%E3%82%A4%E3%82%B6%E3%83%BC-Y0319000.html', 'https://amzn.to/3XCgml5', 'https://www.qoo10.jp/su/1417248327/Q191493418', '2024-09-23 16:01:54', '2024-09-23 16:01:54'),
(138, 'FFP0000000014', 'DIOR', 'ディオール アディクト リップ マキシマイザー', '065', 'アイシー ブルー(数量限定色)', 4730, 'bcdbde', '1', '0', '0', '0', 'https://www.dior.com/ja_jp/beauty/products/%E3%83%87%E3%82%A3%E3%82%AA%E3%83%BC%E3%83%AB-%E3%82%A2%E3%83%87%E3%82%A3%E3%82%AF%E3%83%88-%E3%83%AA%E3%83%83%E3%83%97-%E3%83%9E%E3%82%AD%E3%82%B7%E3%83%9E%E3%82%A4%E3%82%B6%E3%83%BC-Y0319000.html', 'https://amzn.to/4dip6D0', 'https://www.qoo10.jp/su/1417248455/Q191493418', '2024-09-23 16:01:54', '2024-09-23 16:01:54'),
(139, 'FFP0000000014', 'DIOR', 'ディオール アディクト リップ マキシマイザー', '066', 'シマー キャンディ(数量限定色)', 4730, 'd8929c', '1', '0', '0', '0', 'https://www.dior.com/ja_jp/beauty/products/%E3%83%87%E3%82%A3%E3%82%AA%E3%83%BC%E3%83%AB-%E3%82%A2%E3%83%87%E3%82%A3%E3%82%AF%E3%83%88-%E3%83%AA%E3%83%83%E3%83%97-%E3%83%9E%E3%82%AD%E3%82%B7%E3%83%9E%E3%82%A4%E3%82%B6%E3%83%BC-Y0319000.html', 'https://amzn.to/3zwVQKP', 'https://www.qoo10.jp/su/1417248575/Q191493418', '2024-09-23 16:01:54', '2024-09-23 16:01:54'),
(140, 'FFP0000000014', 'DIOR', 'ディオール アディクト リップ マキシマイザー', '067', 'シマー ローズ ゴールド(数量限定色)', 4730, 'd87e76', '1', '0', '0', '0', 'https://www.dior.com/ja_jp/beauty/products/%E3%83%87%E3%82%A3%E3%82%AA%E3%83%BC%E3%83%AB-%E3%82%A2%E3%83%87%E3%82%A3%E3%82%AF%E3%83%88-%E3%83%AA%E3%83%83%E3%83%97-%E3%83%9E%E3%82%AD%E3%82%B7%E3%83%9E%E3%82%A4%E3%82%B6%E3%83%BC-Y0319000.html', 'https://amzn.to/3ztLQBY', 'https://www.qoo10.jp/su/1417248682/Q191493418', '2024-09-23 16:01:54', '2024-09-23 16:01:54'),
(141, 'FFP0000000014', 'DIOR', 'ディオール アディクト リップ マキシマイザー', '068', 'シマー プラム(数量限定色)', 4730, 'bf5f6a', '1', '0', '0', '0', 'https://www.dior.com/ja_jp/beauty/products/%E3%83%87%E3%82%A3%E3%82%AA%E3%83%BC%E3%83%AB-%E3%82%A2%E3%83%87%E3%82%A3%E3%82%AF%E3%83%88-%E3%83%AA%E3%83%83%E3%83%97-%E3%83%9E%E3%82%AD%E3%82%B7%E3%83%9E%E3%82%A4%E3%82%B6%E3%83%BC-Y0319000.html', 'https://amzn.to/3ZAe9JU', 'https://www.qoo10.jp/su/1417248807/Q191493418', '2024-09-23 16:01:54', '2024-09-23 16:01:54'),
(142, 'FFP0000000014', 'DIOR', 'ディオール アディクト リップ マキシマイザー', '069', 'シマー ゴールド(数量限定色)', 4730, 'dab69c', '1', '0', '0', '0', 'https://www.dior.com/ja_jp/beauty/products/%E3%83%87%E3%82%A3%E3%82%AA%E3%83%BC%E3%83%AB-%E3%82%A2%E3%83%87%E3%82%A3%E3%82%AF%E3%83%88-%E3%83%AA%E3%83%83%E3%83%97-%E3%83%9E%E3%82%AD%E3%82%B7%E3%83%9E%E3%82%A4%E3%82%B6%E3%83%BC-Y0319000.html', 'https://amzn.to/3XyM0jI', 'https://www.qoo10.jp/su/1417248913/Q191493418', '2024-09-23 16:01:54', '2024-09-23 16:01:54'),
(143, 'FFP0000000014', 'DIOR', 'ディオール アディクト リップ マキシマイザー', '203', 'ホロ ユズ (展開店舗数量限定色)', 4730, 'efd76b', '1', '0', '0', '0', 'https://www.dior.com/ja_jp/beauty/products/%E3%83%87%E3%82%A3%E3%82%AA%E3%83%BC%E3%83%AB-%E3%82%A2%E3%83%87%E3%82%A3%E3%82%AF%E3%83%88-%E3%83%AA%E3%83%83%E3%83%97-%E3%83%9E%E3%82%AD%E3%82%B7%E3%83%9E%E3%82%A4%E3%82%B6%E3%83%BC-Y0319000.html', 'https://amzn.to/3Zt6oFs', 'https://www.qoo10.jp/su/1417249029/Q191493418', '2024-09-23 16:01:54', '2024-09-23 16:01:54'),
(144, 'FFP0000000015', 'DIOR', 'ディオール アディクト リップスティック', '', 'DIOR 8', 5720, 'ac3129', '0', '0', '0', '0', 'https://www.dior.com/ja_jp/beauty/products/%E3%83%87%E3%82%A3%E3%82%AA%E3%83%BC%E3%83%AB-%E3%82%A2%E3%83%87%E3%82%A3%E3%82%AF%E3%83%88-%E3%83%AA%E3%83%83%E3%83%97%E3%82%B9%E3%83%86%E3%82%A3%E3%83%83%E3%82%AF-Y0291000.html', 'https://amzn.to/3TEp6Gn', 'https://www.qoo10.jp/su/1417645529/Q191493418', '2024-09-23 16:01:54', '2024-09-23 16:01:54'),
(145, 'FFP0000000015', 'DIOR', 'ディオール アディクト リップスティック', '100', 'ヌード ルック', 5720, 'ba6965', '0', '0', '0', '0', 'https://www.dior.com/ja_jp/beauty/products/%E3%83%87%E3%82%A3%E3%82%AA%E3%83%BC%E3%83%AB-%E3%82%A2%E3%83%87%E3%82%A3%E3%82%AF%E3%83%88-%E3%83%AA%E3%83%83%E3%83%97%E3%82%B9%E3%83%86%E3%82%A3%E3%83%83%E3%82%AF-Y0291000.html', 'https://amzn.to/3zEBShb', 'https://www.qoo10.jp/su/1417646100/Q191493418', '2024-09-23 16:01:54', '2024-09-23 16:01:54'),
(146, 'FFP0000000015', 'DIOR', 'ディオール アディクト リップスティック', '329', 'タイ & ディオール', 5720, 'c56d6b', '0', '0', '0', '0', 'https://www.dior.com/ja_jp/beauty/products/%E3%83%87%E3%82%A3%E3%82%AA%E3%83%BC%E3%83%AB-%E3%82%A2%E3%83%87%E3%82%A3%E3%82%AF%E3%83%88-%E3%83%AA%E3%83%83%E3%83%97%E3%82%B9%E3%83%86%E3%82%A3%E3%83%83%E3%82%AF-Y0291000.html', 'https://amzn.to/4dwAewh', 'https://www.qoo10.jp/su/1417646225/Q191493418', '2024-09-23 16:01:54', '2024-09-23 16:01:54'),
(147, 'FFP0000000015', 'DIOR', 'ディオール アディクト リップスティック', '362', 'ローズ ボヌール(新色)', 5720, 'd37377', '0', '0', '0', '0', 'https://www.dior.com/ja_jp/beauty/products/%E3%83%87%E3%82%A3%E3%82%AA%E3%83%BC%E3%83%AB-%E3%82%A2%E3%83%87%E3%82%A3%E3%82%AF%E3%83%88-%E3%83%AA%E3%83%83%E3%83%97%E3%82%B9%E3%83%86%E3%82%A3%E3%83%83%E3%82%AF-Y0291000.html', 'https://amzn.to/3XRmrLQ', 'https://www.qoo10.jp/su/1417646401/Q191493418', '2024-09-23 16:01:54', '2024-09-23 16:01:54'),
(148, 'FFP0000000015', 'DIOR', 'ディオール アディクト リップスティック', '391', 'ディオール ライラック(新色・数量限定色)', 5720, 'be798c', '1', '0', '0', '0', 'https://www.dior.com/ja_jp/beauty/products/%E3%83%87%E3%82%A3%E3%82%AA%E3%83%BC%E3%83%AB-%E3%82%A2%E3%83%87%E3%82%A3%E3%82%AF%E3%83%88-%E3%83%AA%E3%83%83%E3%83%97%E3%82%B9%E3%83%86%E3%82%A3%E3%83%83%E3%82%AF-Y0291000.html', 'https://amzn.to/4dghQYh', 'https://www.qoo10.jp/su/1417646521/Q191493418', '2024-09-23 16:01:54', '2024-09-23 16:01:54'),
(149, 'FFP0000000015', 'DIOR', 'ディオール アディクト リップスティック', '418', 'ベージュ オブリーク', 5720, 'b4635f', '0', '0', '0', '0', 'https://www.dior.com/ja_jp/beauty/products/%E3%83%87%E3%82%A3%E3%82%AA%E3%83%BC%E3%83%AB-%E3%82%A2%E3%83%87%E3%82%A3%E3%82%AF%E3%83%88-%E3%83%AA%E3%83%83%E3%83%97%E3%82%B9%E3%83%86%E3%82%A3%E3%83%83%E3%82%AF-Y0291000.html', 'https://amzn.to/4diSx7T', 'https://www.qoo10.jp/su/1417646649/Q191493418', '2024-09-23 16:01:54', '2024-09-23 16:01:54'),
(150, 'FFP0000000015', 'DIOR', 'ディオール アディクト リップスティック', '481', 'デジール(新色・数量限定色)', 5720, 'a14355', '1', '0', '0', '0', 'https://www.dior.com/ja_jp/beauty/products/%E3%83%87%E3%82%A3%E3%82%AA%E3%83%BC%E3%83%AB-%E3%82%A2%E3%83%87%E3%82%A3%E3%82%AF%E3%83%88-%E3%83%AA%E3%83%83%E3%83%97%E3%82%B9%E3%83%86%E3%82%A3%E3%83%83%E3%82%AF-Y0291000.html', 'https://amzn.to/3XyMdDw', 'https://www.qoo10.jp/su/1417646778/Q191493418', '2024-09-23 16:01:54', '2024-09-23 16:01:54'),
(151, 'FFP0000000015', 'DIOR', 'ディオール アディクト リップスティック', '524', 'ディオレット', 5720, 'c15241', '0', '0', '0', '0', 'https://www.dior.com/ja_jp/beauty/products/%E3%83%87%E3%82%A3%E3%82%AA%E3%83%BC%E3%83%AB-%E3%82%A2%E3%83%87%E3%82%A3%E3%82%AF%E3%83%88-%E3%83%AA%E3%83%83%E3%83%97%E3%82%B9%E3%83%86%E3%82%A3%E3%83%83%E3%82%AF-Y0291000.html', 'https://amzn.to/3ZxvHWK', 'https://www.qoo10.jp/su/1417646914/Q191493418', '2024-09-23 16:01:54', '2024-09-23 16:01:54'),
(152, 'FFP0000000015', 'DIOR', 'ディオール アディクト リップスティック', '525', 'シェリー', 5720, 'b44a4c', '0', '0', '0', '0', 'https://www.dior.com/ja_jp/beauty/products/%E3%83%87%E3%82%A3%E3%82%AA%E3%83%BC%E3%83%AB-%E3%82%A2%E3%83%87%E3%82%A3%E3%82%AF%E3%83%88-%E3%83%AA%E3%83%83%E3%83%97%E3%82%B9%E3%83%86%E3%82%A3%E3%83%83%E3%82%AF-Y0291000.html', 'https://amzn.to/3Bp5JL1', 'https://www.qoo10.jp/su/1417647041/Q191493418', '2024-09-23 16:01:54', '2024-09-23 16:01:54'),
(153, 'FFP0000000015', 'DIOR', 'ディオール アディクト リップスティック', '526', 'マロー ローズ', 5720, 'b23c48', '0', '0', '0', '0', 'https://www.dior.com/ja_jp/beauty/products/%E3%83%87%E3%82%A3%E3%82%AA%E3%83%BC%E3%83%AB-%E3%82%A2%E3%83%87%E3%82%A3%E3%82%AF%E3%83%88-%E3%83%AA%E3%83%83%E3%83%97%E3%82%B9%E3%83%86%E3%82%A3%E3%83%83%E3%82%AF-Y0291000.html', 'https://amzn.to/4db8cpO', 'https://www.qoo10.jp/su/1417647139/Q191493418', '2024-09-23 16:01:54', '2024-09-23 16:01:54'),
(154, 'FFP0000000015', 'DIOR', 'ディオール アディクト リップスティック', '546', 'ドルチェ ヴィータ(新色)', 5720, 'ce4c4e', '0', '0', '0', '0', 'https://www.dior.com/ja_jp/beauty/products/%E3%83%87%E3%82%A3%E3%82%AA%E3%83%BC%E3%83%AB-%E3%82%A2%E3%83%87%E3%82%A3%E3%82%AF%E3%83%88-%E3%83%AA%E3%83%83%E3%83%97%E3%82%B9%E3%83%86%E3%82%A3%E3%83%83%E3%82%AF-Y0291000.html', 'https://amzn.to/3ziZyI3', 'https://www.qoo10.jp/su/1417647246/Q191493418', '2024-09-23 16:01:54', '2024-09-23 16:01:54'),
(155, 'FFP0000000015', 'DIOR', 'ディオール アディクト リップスティック', '558', 'ボワ ドゥ ローズ', 5720, 'b55556', '0', '0', '0', '0', 'https://www.dior.com/ja_jp/beauty/products/%E3%83%87%E3%82%A3%E3%82%AA%E3%83%BC%E3%83%AB-%E3%82%A2%E3%83%87%E3%82%A3%E3%82%AF%E3%83%88-%E3%83%AA%E3%83%83%E3%83%97%E3%82%B9%E3%83%86%E3%82%A3%E3%83%83%E3%82%AF-Y0291000.html', 'https://amzn.to/3Zy1LtC', 'https://www.qoo10.jp/su/1417647374/Q191493418', '2024-09-23 16:01:54', '2024-09-23 16:01:54'),
(156, 'FFP0000000015', 'DIOR', 'ディオール アディクト リップスティック', '576', 'ローズ バガテル', 5720, 'cf484e', '0', '0', '0', '0', 'https://www.dior.com/ja_jp/beauty/products/%E3%83%87%E3%82%A3%E3%82%AA%E3%83%BC%E3%83%AB-%E3%82%A2%E3%83%87%E3%82%A3%E3%82%AF%E3%83%88-%E3%83%AA%E3%83%83%E3%83%97%E3%82%B9%E3%83%86%E3%82%A3%E3%83%83%E3%82%AF-Y0291000.html', 'https://amzn.to/3XBGlJr', 'https://www.qoo10.jp/su/1417647473/Q191493418', '2024-09-23 16:01:54', '2024-09-23 16:01:54'),
(157, 'FFP0000000015', 'DIOR', 'ディオール アディクト リップスティック', '616', 'ヌード ミッツァ(新色)', 5720, '99594f', '0', '0', '0', '0', 'https://www.dior.com/ja_jp/beauty/products/%E3%83%87%E3%82%A3%E3%82%AA%E3%83%BC%E3%83%AB-%E3%82%A2%E3%83%87%E3%82%A3%E3%82%AF%E3%83%88-%E3%83%AA%E3%83%83%E3%83%97%E3%82%B9%E3%83%86%E3%82%A3%E3%83%83%E3%82%AF-Y0291000.html', 'https://amzn.to/47ATF5r', 'https://www.qoo10.jp/su/1417647595/Q191493418', '2024-09-23 16:01:54', '2024-09-23 16:01:54'),
(158, 'FFP0000000015', 'DIOR', 'ディオール アディクト リップスティック', '628', 'ピンク ボウ', 5720, 'a5585e', '0', '0', '0', '0', 'https://www.dior.com/ja_jp/beauty/products/%E3%83%87%E3%82%A3%E3%82%AA%E3%83%BC%E3%83%AB-%E3%82%A2%E3%83%87%E3%82%A3%E3%82%AF%E3%83%88-%E3%83%AA%E3%83%83%E3%83%97%E3%82%B9%E3%83%86%E3%82%A3%E3%83%83%E3%82%AF-Y0291000.html', 'https://amzn.to/3MWpexk', 'https://www.qoo10.jp/su/1417648099/Q191493418', '2024-09-23 16:01:54', '2024-09-23 16:01:54'),
(159, 'FFP0000000015', 'DIOR', 'ディオール アディクト リップスティック', '636', 'ウルトラ ディオール', 5720, 'de5545', '0', '0', '0', '0', 'https://www.dior.com/ja_jp/beauty/products/%E3%83%87%E3%82%A3%E3%82%AA%E3%83%BC%E3%83%AB-%E3%82%A2%E3%83%87%E3%82%A3%E3%82%AF%E3%83%88-%E3%83%AA%E3%83%83%E3%83%97%E3%82%B9%E3%83%86%E3%82%A3%E3%83%83%E3%82%AF-Y0291000.html', 'https://amzn.to/47FqnD0', 'https://www.qoo10.jp/su/1417648224/Q191493418', '2024-09-23 16:01:54', '2024-09-23 16:01:54'),
(160, 'FFP0000000015', 'DIOR', 'ディオール アディクト リップスティック', '659', 'コーラル バヤデール (オンライン限定色)', 5720, 'e85c43', '1', '0', '0', '0', 'https://www.dior.com/ja_jp/beauty/products/%E3%83%87%E3%82%A3%E3%82%AA%E3%83%BC%E3%83%AB-%E3%82%A2%E3%83%87%E3%82%A3%E3%82%AF%E3%83%88-%E3%83%AA%E3%83%83%E3%83%97%E3%82%B9%E3%83%86%E3%82%A3%E3%83%83%E3%82%AF-Y0291000.html', 'https://amzn.to/3B897tG', 'https://www.qoo10.jp/su/1417648339/Q191493418', '2024-09-23 16:01:54', '2024-09-23 16:01:54'),
(161, 'FFP0000000015', 'DIOR', 'ディオール アディクト リップスティック', '661', 'ディオリヴィエラ', 5720, 'ea464f', '0', '0', '0', '0', 'https://www.dior.com/ja_jp/beauty/products/%E3%83%87%E3%82%A3%E3%82%AA%E3%83%BC%E3%83%AB-%E3%82%A2%E3%83%87%E3%82%A3%E3%82%AF%E3%83%88-%E3%83%AA%E3%83%83%E3%83%97%E3%82%B9%E3%83%86%E3%82%A3%E3%83%83%E3%82%AF-Y0291000.html', 'https://amzn.to/4ezdr3w', 'https://www.qoo10.jp/su/1417648457/Q191493418', '2024-09-23 16:01:54', '2024-09-23 16:01:54'),
(162, 'FFP0000000015', 'DIOR', 'ディオール アディクト リップスティック', '667', 'ディオールマニア', 5720, 'b4404b', '0', '0', '0', '0', 'https://www.dior.com/ja_jp/beauty/products/%E3%83%87%E3%82%A3%E3%82%AA%E3%83%BC%E3%83%AB-%E3%82%A2%E3%83%87%E3%82%A3%E3%82%AF%E3%83%88-%E3%83%AA%E3%83%83%E3%83%97%E3%82%B9%E3%83%86%E3%82%A3%E3%83%83%E3%82%AF-Y0291000.html', 'https://amzn.to/3B70FLd', 'https://www.qoo10.jp/su/1417648559/Q191493418', '2024-09-23 16:01:54', '2024-09-23 16:01:54'),
(163, 'FFP0000000015', 'DIOR', 'ディオール アディクト リップスティック', '716', 'ディオール カナージュ', 5720, '9c514e', '0', '0', '0', '0', 'https://www.dior.com/ja_jp/beauty/products/%E3%83%87%E3%82%A3%E3%82%AA%E3%83%BC%E3%83%AB-%E3%82%A2%E3%83%87%E3%82%A3%E3%82%AF%E3%83%88-%E3%83%AA%E3%83%83%E3%83%97%E3%82%B9%E3%83%86%E3%82%A3%E3%83%83%E3%82%AF-Y0291000.html', 'https://amzn.to/4ev2NLi', 'https://www.qoo10.jp/su/1417648673/Q191493418', '2024-09-23 16:01:54', '2024-09-23 16:01:54'),
(164, 'FFP0000000015', 'DIOR', 'ディオール アディクト リップスティック', '718', 'バンダナ (オンライン限定色)', 5720, 'b1605c', '1', '0', '0', '0', 'https://www.dior.com/ja_jp/beauty/products/%E3%83%87%E3%82%A3%E3%82%AA%E3%83%BC%E3%83%AB-%E3%82%A2%E3%83%87%E3%82%A3%E3%82%AF%E3%83%88-%E3%83%AA%E3%83%83%E3%83%97%E3%82%B9%E3%83%86%E3%82%A3%E3%83%83%E3%82%AF-Y0291000.html', 'https://www.amazon.co.jp/s?k=DIOR+%E3%83%87%E3%82%A3%E3%82%AA%E3%83%BC%E3%83%AB+%E3%82%A2%E3%83%87%E3%82%A3%E3%82%AF%E3%83%88+%E3%83%AA%E3%83%83%E3%83%97%E3%82%B9%E3%83%86%E3%82%A3%E3%83%83%E3%82%AF+%E3%83%90%E3%83%B3%E3%83%80%E3%83%8A+%28%E3%82%AA%E3%83%B3%E3%83%A9%E3%82%A4%E3%83%B3%E9%99%90%E5%AE%9A%E8%89%B2%29&i=instant-video&__mk_ja_JP=%E3%82%AB%E3%82%BF%E3%82%AB%E3%83%8A&crid=23ITTYSE26DFI&sprefix=dior+%E3%83%87%E3%82%A3%2Cinstant-video%2C683&linkCode=sl2&tag=ytakehir00-22&linkId=df1b35322e5161223e9f774268ae5fa4&language=ja_JP&ref_=as_li_ss_tl', 'https://www.qoo10.jp/su/1417648800/Q191493418', '2024-09-23 16:01:54', '2024-09-23 16:01:54'),
(165, 'FFP0000000015', 'DIOR', 'ディオール アディクト リップスティック', '720', 'アイコン', 5720, '8c3432', '0', '0', '0', '0', 'https://www.dior.com/ja_jp/beauty/products/%E3%83%87%E3%82%A3%E3%82%AA%E3%83%BC%E3%83%AB-%E3%82%A2%E3%83%87%E3%82%A3%E3%82%AF%E3%83%88-%E3%83%AA%E3%83%83%E3%83%97%E3%82%B9%E3%83%86%E3%82%A3%E3%83%83%E3%82%AF-Y0291000.html', 'https://amzn.to/4gwa2o3', 'https://www.qoo10.jp/su/1417648909/Q191493418', '2024-09-23 16:01:54', '2024-09-23 16:01:54'),
(166, 'FFP0000000015', 'DIOR', 'ディオール アディクト リップスティック', '727', 'ディオール チュール', 5720, 'a04846', '0', '0', '0', '0', 'https://www.dior.com/ja_jp/beauty/products/%E3%83%87%E3%82%A3%E3%82%AA%E3%83%BC%E3%83%AB-%E3%82%A2%E3%83%87%E3%82%A3%E3%82%AF%E3%83%88-%E3%83%AA%E3%83%83%E3%83%97%E3%82%B9%E3%83%86%E3%82%A3%E3%83%83%E3%82%AF-Y0291000.html', 'https://amzn.to/47J4faH', 'https://www.qoo10.jp/su/1417649032/Q191493418', '2024-09-23 16:01:54', '2024-09-23 16:01:54'),
(167, 'FFP0000000015', 'DIOR', 'ディオール アディクト リップスティック', '740', 'サドル', 5720, 'aa352b', '0', '0', '0', '0', 'https://www.dior.com/ja_jp/beauty/products/%E3%83%87%E3%82%A3%E3%82%AA%E3%83%BC%E3%83%AB-%E3%82%A2%E3%83%87%E3%82%A3%E3%82%AF%E3%83%88-%E3%83%AA%E3%83%83%E3%83%97%E3%82%B9%E3%83%86%E3%82%A3%E3%83%83%E3%82%AF-Y0291000.html', 'https://amzn.to/4gAuqnZ', 'https://www.qoo10.jp/su/1417649155/Q191493418', '2024-09-23 16:01:54', '2024-09-23 16:01:54'),
(168, 'FFP0000000015', 'DIOR', 'ディオール アディクト リップスティック', '744', 'ディオラマ', 5720, 'e44935', '0', '0', '0', '0', 'https://www.dior.com/ja_jp/beauty/products/%E3%83%87%E3%82%A3%E3%82%AA%E3%83%BC%E3%83%AB-%E3%82%A2%E3%83%87%E3%82%A3%E3%82%AF%E3%83%88-%E3%83%AA%E3%83%83%E3%83%97%E3%82%B9%E3%83%86%E3%82%A3%E3%83%83%E3%82%AF-Y0291000.html', 'https://amzn.to/3ZAexbk', 'https://www.qoo10.jp/su/1417649279/Q191493418', '2024-09-23 16:01:54', '2024-09-23 16:01:54'),
(169, 'FFP0000000015', 'DIOR', 'ディオール アディクト リップスティック', '745', 'レッド レボリューション', 5720, 'bd161d', '0', '0', '0', '0', 'https://www.dior.com/ja_jp/beauty/products/%E3%83%87%E3%82%A3%E3%82%AA%E3%83%BC%E3%83%AB-%E3%82%A2%E3%83%87%E3%82%A3%E3%82%AF%E3%83%88-%E3%83%AA%E3%83%83%E3%83%97%E3%82%B9%E3%83%86%E3%82%A3%E3%83%83%E3%82%AF-Y0291000.html', 'https://amzn.to/47FquOW', 'https://www.qoo10.jp/su/1417649394/Q191493418', '2024-09-23 16:01:54', '2024-09-23 16:01:54'),
(170, 'FFP0000000015', 'DIOR', 'ディオール アディクト リップスティック', '841', 'カーロ', 5720, 'ad2829', '0', '0', '0', '0', 'https://www.dior.com/ja_jp/beauty/products/%E3%83%87%E3%82%A3%E3%82%AA%E3%83%BC%E3%83%AB-%E3%82%A2%E3%83%87%E3%82%A3%E3%82%AF%E3%83%88-%E3%83%AA%E3%83%83%E3%83%97%E3%82%B9%E3%83%86%E3%82%A3%E3%83%83%E3%82%AF-Y0291000.html', 'https://amzn.to/4deZQNU', 'https://www.qoo10.jp/su/1417649523/Q191493418', '2024-09-23 16:01:54', '2024-09-23 16:01:54'),
(171, 'FFP0000000015', 'DIOR', 'ディオール アディクト リップスティック', '922', 'ワイルディオール', 5720, '742e2e', '0', '0', '0', '0', 'https://www.dior.com/ja_jp/beauty/products/%E3%83%87%E3%82%A3%E3%82%AA%E3%83%BC%E3%83%AB-%E3%82%A2%E3%83%87%E3%82%A3%E3%82%AF%E3%83%88-%E3%83%AA%E3%83%83%E3%83%97%E3%82%B9%E3%83%86%E3%82%A3%E3%83%83%E3%82%AF-Y0291000.html', 'https://amzn.to/3zw7t4F', 'https://www.qoo10.jp/su/1417649653/Q191493418', '2024-09-23 16:01:54', '2024-09-23 16:01:54'),
(172, 'FFP0000000015', 'DIOR', 'ディオール アディクト リップスティック', '976', 'ビー ディオール', 5720, 'c42231', '0', '0', '0', '0', 'https://www.dior.com/ja_jp/beauty/products/%E3%83%87%E3%82%A3%E3%82%AA%E3%83%BC%E3%83%AB-%E3%82%A2%E3%83%87%E3%82%A3%E3%82%AF%E3%83%88-%E3%83%AA%E3%83%83%E3%83%97%E3%82%B9%E3%83%86%E3%82%A3%E3%83%83%E3%82%AF-Y0291000.html', 'https://amzn.to/4gNIwCP', 'https://www.qoo10.jp/su/1417649749/Q191493418', '2024-09-23 16:01:54', '2024-09-23 16:01:54'),
(173, 'FFP0000000016', 'DIOR', 'ディオール アディクト リップスティック (リフィル)', '', 'DIOR 8', 4620, 'ac3129', '0', '0', '0', '0', 'https://www.dior.com/ja_jp/beauty/products/%E3%83%87%E3%82%A3%E3%82%AA%E3%83%BC%E3%83%AB-%E3%82%A2%E3%83%87%E3%82%A3%E3%82%AF%E3%83%88-%E3%83%AA%E3%83%83%E3%83%97%E3%82%B9%E3%83%86%E3%82%A3%E3%83%83%E3%82%AF-%E3%83%AA%E3%83%95%E3%82%A3%E3%83%AB-Y0291001.html', 'https://amzn.to/3TElSTr', 'https://www.qoo10.jp/su/1417649847/Q191493418', '2024-09-23 16:01:54', '2024-09-23 16:01:54'),
(174, 'FFP0000000016', 'DIOR', 'ディオール アディクト リップスティック (リフィル)', '100', 'ヌード ルック', 4620, 'ba6965', '0', '0', '0', '0', 'https://www.dior.com/ja_jp/beauty/products/%E3%83%87%E3%82%A3%E3%82%AA%E3%83%BC%E3%83%AB-%E3%82%A2%E3%83%87%E3%82%A3%E3%82%AF%E3%83%88-%E3%83%AA%E3%83%83%E3%83%97%E3%82%B9%E3%83%86%E3%82%A3%E3%83%83%E3%82%AF-%E3%83%AA%E3%83%95%E3%82%A3%E3%83%AB-Y0291001.html', 'https://amzn.to/3Bg8myY', 'https://www.qoo10.jp/su/1417649955/Q191493418', '2024-09-23 16:01:54', '2024-09-23 16:01:54'),
(175, 'FFP0000000016', 'DIOR', 'ディオール アディクト リップスティック (リフィル)', '329', 'タイ & ディオール', 4620, 'c56d6b', '0', '0', '0', '0', 'https://www.dior.com/ja_jp/beauty/products/%E3%83%87%E3%82%A3%E3%82%AA%E3%83%BC%E3%83%AB-%E3%82%A2%E3%83%87%E3%82%A3%E3%82%AF%E3%83%88-%E3%83%AA%E3%83%83%E3%83%97%E3%82%B9%E3%83%86%E3%82%A3%E3%83%83%E3%82%AF-%E3%83%AA%E3%83%95%E3%82%A3%E3%83%AB-Y0291001.html', 'https://amzn.to/4eAGfcb', 'https://www.qoo10.jp/su/1417650066/Q191493418', '2024-09-23 16:01:54', '2024-09-23 16:01:54'),
(176, 'FFP0000000016', 'DIOR', 'ディオール アディクト リップスティック (リフィル)', '362', 'ローズ ボヌール(新色)', 4620, 'd37377', '0', '0', '0', '0', 'https://www.dior.com/ja_jp/beauty/products/%E3%83%87%E3%82%A3%E3%82%AA%E3%83%BC%E3%83%AB-%E3%82%A2%E3%83%87%E3%82%A3%E3%82%AF%E3%83%88-%E3%83%AA%E3%83%83%E3%83%97%E3%82%B9%E3%83%86%E3%82%A3%E3%83%83%E3%82%AF-%E3%83%AA%E3%83%95%E3%82%A3%E3%83%AB-Y0291001.html', 'https://amzn.to/47zUUSu', 'https://www.qoo10.jp/su/1417650185/Q191493418', '2024-09-23 16:01:54', '2024-09-23 16:01:54'),
(177, 'FFP0000000016', 'DIOR', 'ディオール アディクト リップスティック (リフィル)', '391', 'ディオール ライラック(新色・数量限定色)', 4620, 'be798c', '1', '0', '0', '0', 'https://www.dior.com/ja_jp/beauty/products/%E3%83%87%E3%82%A3%E3%82%AA%E3%83%BC%E3%83%AB-%E3%82%A2%E3%83%87%E3%82%A3%E3%82%AF%E3%83%88-%E3%83%AA%E3%83%83%E3%83%97%E3%82%B9%E3%83%86%E3%82%A3%E3%83%83%E3%82%AF-%E3%83%AA%E3%83%95%E3%82%A3%E3%83%AB-Y0291001.html', 'https://amzn.to/3MSgcBg', 'https://www.qoo10.jp/su/1417650305/Q191493418', '2024-09-23 16:01:54', '2024-09-23 16:01:54'),
(178, 'FFP0000000016', 'DIOR', 'ディオール アディクト リップスティック (リフィル)', '412', 'ディオール バイブ (数量限定色)', 4620, 'c27666', '1', '0', '0', '0', 'https://www.dior.com/ja_jp/beauty/products/%E3%83%87%E3%82%A3%E3%82%AA%E3%83%BC%E3%83%AB-%E3%82%A2%E3%83%87%E3%82%A3%E3%82%AF%E3%83%88-%E3%83%AA%E3%83%83%E3%83%97%E3%82%B9%E3%83%86%E3%82%A3%E3%83%83%E3%82%AF-%E3%83%AA%E3%83%95%E3%82%A3%E3%83%AB-Y0291001.html', 'https://amzn.to/4edxRPN', 'https://www.qoo10.jp/su/1417650412/Q191493418', '2024-09-23 16:01:54', '2024-09-23 16:01:54'),
(179, 'FFP0000000016', 'DIOR', 'ディオール アディクト リップスティック (リフィル)', '418', 'ベージュ オブリーク', 4620, 'b4635f', '0', '0', '0', '0', 'https://www.dior.com/ja_jp/beauty/products/%E3%83%87%E3%82%A3%E3%82%AA%E3%83%BC%E3%83%AB-%E3%82%A2%E3%83%87%E3%82%A3%E3%82%AF%E3%83%88-%E3%83%AA%E3%83%83%E3%83%97%E3%82%B9%E3%83%86%E3%82%A3%E3%83%83%E3%82%AF-%E3%83%AA%E3%83%95%E3%82%A3%E3%83%AB-Y0291001.html', 'https://amzn.to/4deh4Lh', 'https://www.qoo10.jp/su/1417650500/Q191493418', '2024-09-23 16:01:54', '2024-09-23 16:01:54'),
(180, 'FFP0000000016', 'DIOR', 'ディオール アディクト リップスティック (リフィル)', '463', 'ディオール リボン (数量限定色)', 4620, 'ca5c5d', '1', '0', '0', '0', 'https://www.dior.com/ja_jp/beauty/products/%E3%83%87%E3%82%A3%E3%82%AA%E3%83%BC%E3%83%AB-%E3%82%A2%E3%83%87%E3%82%A3%E3%82%AF%E3%83%88-%E3%83%AA%E3%83%83%E3%83%97%E3%82%B9%E3%83%86%E3%82%A3%E3%83%83%E3%82%AF-%E3%83%AA%E3%83%95%E3%82%A3%E3%83%AB-Y0291001.html', 'https://amzn.to/3XSL3nC', 'https://www.qoo10.jp/su/1417650614/Q191493418', '2024-09-23 16:01:54', '2024-09-23 16:01:54'),
(181, 'FFP0000000016', 'DIOR', 'ディオール アディクト リップスティック (リフィル)', '481', 'デジール(新色・数量限定色)', 4620, 'a14355', '1', '0', '0', '0', 'https://www.dior.com/ja_jp/beauty/products/%E3%83%87%E3%82%A3%E3%82%AA%E3%83%BC%E3%83%AB-%E3%82%A2%E3%83%87%E3%82%A3%E3%82%AF%E3%83%88-%E3%83%AA%E3%83%83%E3%83%97%E3%82%B9%E3%83%86%E3%82%A3%E3%83%83%E3%82%AF-%E3%83%AA%E3%83%95%E3%82%A3%E3%83%AB-Y0291001.html', 'https://amzn.to/4dhEi32', 'https://www.qoo10.jp/su/1417650728/Q191493418', '2024-09-23 16:01:54', '2024-09-23 16:01:54'),
(182, 'FFP0000000016', 'DIOR', 'ディオール アディクト リップスティック (リフィル)', '524', 'ディオレット', 4620, 'c15241', '0', '0', '0', '0', 'https://www.dior.com/ja_jp/beauty/products/%E3%83%87%E3%82%A3%E3%82%AA%E3%83%BC%E3%83%AB-%E3%82%A2%E3%83%87%E3%82%A3%E3%82%AF%E3%83%88-%E3%83%AA%E3%83%83%E3%83%97%E3%82%B9%E3%83%86%E3%82%A3%E3%83%83%E3%82%AF-%E3%83%AA%E3%83%95%E3%82%A3%E3%83%AB-Y0291001.html', 'https://amzn.to/3ZCyWfF', 'https://www.qoo10.jp/su/1417650825/Q191493418', '2024-09-23 16:01:54', '2024-09-23 16:01:54'),
(183, 'FFP0000000016', 'DIOR', 'ディオール アディクト リップスティック (リフィル)', '525', 'シェリー', 4620, 'b44a4c', '0', '0', '0', '0', 'https://www.dior.com/ja_jp/beauty/products/%E3%83%87%E3%82%A3%E3%82%AA%E3%83%BC%E3%83%AB-%E3%82%A2%E3%83%87%E3%82%A3%E3%82%AF%E3%83%88-%E3%83%AA%E3%83%83%E3%83%97%E3%82%B9%E3%83%86%E3%82%A3%E3%83%83%E3%82%AF-%E3%83%AA%E3%83%95%E3%82%A3%E3%83%AB-Y0291001.html', 'https://amzn.to/3Zy27QY', 'https://www.qoo10.jp/su/1417650979/Q191493418', '2024-09-23 16:01:54', '2024-09-23 16:01:54'),
(184, 'FFP0000000016', 'DIOR', 'ディオール アディクト リップスティック (リフィル)', '526', 'マロー ローズ', 4620, 'b23c48', '0', '0', '0', '0', 'https://www.dior.com/ja_jp/beauty/products/%E3%83%87%E3%82%A3%E3%82%AA%E3%83%BC%E3%83%AB-%E3%82%A2%E3%83%87%E3%82%A3%E3%82%AF%E3%83%88-%E3%83%AA%E3%83%83%E3%83%97%E3%82%B9%E3%83%86%E3%82%A3%E3%83%83%E3%82%AF-%E3%83%AA%E3%83%95%E3%82%A3%E3%83%AB-Y0291001.html', 'https://amzn.to/3THtiFh', 'https://www.qoo10.jp/su/1417651093/Q191493418', '2024-09-23 16:01:54', '2024-09-23 16:01:54'),
(185, 'FFP0000000016', 'DIOR', 'ディオール アディクト リップスティック (リフィル)', '546', 'ドルチェ ヴィータ(新色)', 4620, 'ce4c4e', '0', '0', '0', '0', 'https://www.dior.com/ja_jp/beauty/products/%E3%83%87%E3%82%A3%E3%82%AA%E3%83%BC%E3%83%AB-%E3%82%A2%E3%83%87%E3%82%A3%E3%82%AF%E3%83%88-%E3%83%AA%E3%83%83%E3%83%97%E3%82%B9%E3%83%86%E3%82%A3%E3%83%83%E3%82%AF-%E3%83%AA%E3%83%95%E3%82%A3%E3%83%AB-Y0291001.html', 'https://amzn.to/3Bnae8U', 'https://www.qoo10.jp/su/1417651204/Q191493418', '2024-09-23 16:01:54', '2024-09-23 16:01:54'),
(186, 'FFP0000000016', 'DIOR', 'ディオール アディクト リップスティック (リフィル)', '566', 'ピオニー ピンク (数量限定色)', 4620, 'c2616a', '1', '0', '0', '0', 'https://www.dior.com/ja_jp/beauty/products/%E3%83%87%E3%82%A3%E3%82%AA%E3%83%BC%E3%83%AB-%E3%82%A2%E3%83%87%E3%82%A3%E3%82%AF%E3%83%88-%E3%83%AA%E3%83%83%E3%83%97%E3%82%B9%E3%83%86%E3%82%A3%E3%83%83%E3%82%AF-%E3%83%AA%E3%83%95%E3%82%A3%E3%83%AB-Y0291001.html', 'https://amzn.to/4dhMSz5', 'https://www.qoo10.jp/su/1417651341/Q191493418', '2024-09-23 16:01:54', '2024-09-23 16:01:54'),
(187, 'FFP0000000016', 'DIOR', 'ディオール アディクト リップスティック (リフィル)', '576', 'ローズ バガテル', 4620, 'cf484e', '0', '0', '0', '0', 'https://www.dior.com/ja_jp/beauty/products/%E3%83%87%E3%82%A3%E3%82%AA%E3%83%BC%E3%83%AB-%E3%82%A2%E3%83%87%E3%82%A3%E3%82%AF%E3%83%88-%E3%83%AA%E3%83%83%E3%83%97%E3%82%B9%E3%83%86%E3%82%A3%E3%83%83%E3%82%AF-%E3%83%AA%E3%83%95%E3%82%A3%E3%83%AB-Y0291001.html', 'https://amzn.to/3TC7ElM', 'https://www.qoo10.jp/su/1417651441/Q191493418', '2024-09-23 16:01:54', '2024-09-23 16:01:54'),
(188, 'FFP0000000016', 'DIOR', 'ディオール アディクト リップスティック (リフィル)', '616', 'ヌード ミッツァ(新色)', 4620, '99594f', '0', '0', '0', '0', 'https://www.dior.com/ja_jp/beauty/products/%E3%83%87%E3%82%A3%E3%82%AA%E3%83%BC%E3%83%AB-%E3%82%A2%E3%83%87%E3%82%A3%E3%82%AF%E3%83%88-%E3%83%AA%E3%83%83%E3%83%97%E3%82%B9%E3%83%86%E3%82%A3%E3%83%83%E3%82%AF-%E3%83%AA%E3%83%95%E3%82%A3%E3%83%AB-Y0291001.html', 'https://amzn.to/4epa2oc', 'https://www.qoo10.jp/su/1417651538/Q191493418', '2024-09-23 16:01:54', '2024-09-23 16:01:54'),
(189, 'FFP0000000016', 'DIOR', 'ディオール アディクト リップスティック (リフィル)', '628', 'ピンク ボウ', 4620, 'a5585e', '0', '0', '0', '0', 'https://www.dior.com/ja_jp/beauty/products/%E3%83%87%E3%82%A3%E3%82%AA%E3%83%BC%E3%83%AB-%E3%82%A2%E3%83%87%E3%82%A3%E3%82%AF%E3%83%88-%E3%83%AA%E3%83%83%E3%83%97%E3%82%B9%E3%83%86%E3%82%A3%E3%83%83%E3%82%AF-%E3%83%AA%E3%83%95%E3%82%A3%E3%83%AB-Y0291001.html', 'https://amzn.to/4efLkqC', 'https://www.qoo10.jp/su/1417651644/Q191493418', '2024-09-23 16:01:54', '2024-09-23 16:01:54'),
(190, 'FFP0000000016', 'DIOR', 'ディオール アディクト リップスティック (リフィル)', '636', 'ウルトラ ディオール', 4620, 'de5545', '0', '0', '0', '0', 'https://www.dior.com/ja_jp/beauty/products/%E3%83%87%E3%82%A3%E3%82%AA%E3%83%BC%E3%83%AB-%E3%82%A2%E3%83%87%E3%82%A3%E3%82%AF%E3%83%88-%E3%83%AA%E3%83%83%E3%83%97%E3%82%B9%E3%83%86%E3%82%A3%E3%83%83%E3%82%AF-%E3%83%AA%E3%83%95%E3%82%A3%E3%83%AB-Y0291001.html', 'https://amzn.to/4ecb7Qo', 'https://www.qoo10.jp/su/1417651738/Q191493418', '2024-09-23 16:01:54', '2024-09-23 16:01:54'),
(191, 'FFP0000000016', 'DIOR', 'ディオール アディクト リップスティック (リフィル)', '652', 'ローズ ディオール (数量限定色)', 4620, 'ca635c', '1', '0', '0', '0', 'https://www.dior.com/ja_jp/beauty/products/%E3%83%87%E3%82%A3%E3%82%AA%E3%83%BC%E3%83%AB-%E3%82%A2%E3%83%87%E3%82%A3%E3%82%AF%E3%83%88-%E3%83%AA%E3%83%83%E3%83%97%E3%82%B9%E3%83%86%E3%82%A3%E3%83%83%E3%82%AF-%E3%83%AA%E3%83%95%E3%82%A3%E3%83%AB-Y0291001.html', 'https://amzn.to/4efaju0', 'https://www.qoo10.jp/su/1417651851/Q191493418', '2024-09-23 16:01:54', '2024-09-23 16:01:54'),
(192, 'FFP0000000016', 'DIOR', 'ディオール アディクト リップスティック (リフィル)', '659', 'コーラル バヤデール (限定色)', 4620, 'e85c43', '1', '0', '0', '0', 'https://www.dior.com/ja_jp/beauty/products/%E3%83%87%E3%82%A3%E3%82%AA%E3%83%BC%E3%83%AB-%E3%82%A2%E3%83%87%E3%82%A3%E3%82%AF%E3%83%88-%E3%83%AA%E3%83%83%E3%83%97%E3%82%B9%E3%83%86%E3%82%A3%E3%83%83%E3%82%AF-%E3%83%AA%E3%83%95%E3%82%A3%E3%83%AB-Y0291001.html', 'https://amzn.to/3XW1bF6', 'https://www.qoo10.jp/su/1417651940/Q191493418', '2024-09-23 16:01:54', '2024-09-23 16:01:54'),
(193, 'FFP0000000016', 'DIOR', 'ディオール アディクト リップスティック (リフィル)', '661', 'ディオリヴィエラ', 4620, 'ea464f', '0', '0', '0', '0', 'https://www.dior.com/ja_jp/beauty/products/%E3%83%87%E3%82%A3%E3%82%AA%E3%83%BC%E3%83%AB-%E3%82%A2%E3%83%87%E3%82%A3%E3%82%AF%E3%83%88-%E3%83%AA%E3%83%83%E3%83%97%E3%82%B9%E3%83%86%E3%82%A3%E3%83%83%E3%82%AF-%E3%83%AA%E3%83%95%E3%82%A3%E3%83%AB-Y0291001.html', 'https://amzn.to/3MXzyVL', 'https://www.qoo10.jp/su/1417652018/Q191493418', '2024-09-23 16:01:54', '2024-09-23 16:01:54'),
(194, 'FFP0000000016', 'DIOR', 'ディオール アディクト リップスティック (リフィル)', '667', 'ディオールマニア', 4620, 'b4404b', '0', '0', '0', '0', 'https://www.dior.com/ja_jp/beauty/products/%E3%83%87%E3%82%A3%E3%82%AA%E3%83%BC%E3%83%AB-%E3%82%A2%E3%83%87%E3%82%A3%E3%82%AF%E3%83%88-%E3%83%AA%E3%83%83%E3%83%97%E3%82%B9%E3%83%86%E3%82%A3%E3%83%83%E3%82%AF-%E3%83%AA%E3%83%95%E3%82%A3%E3%83%AB-Y0291001.html', 'https://amzn.to/47FSIZF', 'https://www.qoo10.jp/su/1417652109/Q191493418', '2024-09-23 16:01:54', '2024-09-23 16:01:54'),
(195, 'FFP0000000016', 'DIOR', 'ディオール アディクト リップスティック (リフィル)', '716', 'ディオール カナージュ', 4620, '9c514e', '0', '0', '0', '0', 'https://www.dior.com/ja_jp/beauty/products/%E3%83%87%E3%82%A3%E3%82%AA%E3%83%BC%E3%83%AB-%E3%82%A2%E3%83%87%E3%82%A3%E3%82%AF%E3%83%88-%E3%83%AA%E3%83%83%E3%83%97%E3%82%B9%E3%83%86%E3%82%A3%E3%83%83%E3%82%AF-%E3%83%AA%E3%83%95%E3%82%A3%E3%83%AB-Y0291001.html', 'https://amzn.to/3ZFFrhE', 'https://www.qoo10.jp/su/1417652219/Q191493418', '2024-09-23 16:01:54', '2024-09-23 16:01:54'),
(196, 'FFP0000000016', 'DIOR', 'ディオール アディクト リップスティック (リフィル)', '718', 'バンダナ (限定色)', 4620, 'b1605c', '1', '0', '0', '0', 'https://www.dior.com/ja_jp/beauty/products/%E3%83%87%E3%82%A3%E3%82%AA%E3%83%BC%E3%83%AB-%E3%82%A2%E3%83%87%E3%82%A3%E3%82%AF%E3%83%88-%E3%83%AA%E3%83%83%E3%83%97%E3%82%B9%E3%83%86%E3%82%A3%E3%83%83%E3%82%AF-%E3%83%AA%E3%83%95%E3%82%A3%E3%83%AB-Y0291001.html', 'https://amzn.to/3TFnMmv', 'https://www.qoo10.jp/su/1417652334/Q191493418', '2024-09-23 16:01:54', '2024-09-23 16:01:54'),
(197, 'FFP0000000016', 'DIOR', 'ディオール アディクト リップスティック (リフィル)', '720', 'アイコン', 4620, '8c3432', '0', '0', '0', '0', 'https://www.dior.com/ja_jp/beauty/products/%E3%83%87%E3%82%A3%E3%82%AA%E3%83%BC%E3%83%AB-%E3%82%A2%E3%83%87%E3%82%A3%E3%82%AF%E3%83%88-%E3%83%AA%E3%83%83%E3%83%97%E3%82%B9%E3%83%86%E3%82%A3%E3%83%83%E3%82%AF-%E3%83%AA%E3%83%95%E3%82%A3%E3%83%AB-Y0291001.html', 'https://amzn.to/47Btdsq', 'https://www.qoo10.jp/su/1417652503/Q191493418', '2024-09-23 16:01:54', '2024-09-23 16:01:54'),
(198, 'FFP0000000016', 'DIOR', 'ディオール アディクト リップスティック (リフィル)', '727', 'ディオール チュール', 4620, 'a04846', '0', '0', '0', '0', 'https://www.dior.com/ja_jp/beauty/products/%E3%83%87%E3%82%A3%E3%82%AA%E3%83%BC%E3%83%AB-%E3%82%A2%E3%83%87%E3%82%A3%E3%82%AF%E3%83%88-%E3%83%AA%E3%83%83%E3%83%97%E3%82%B9%E3%83%86%E3%82%A3%E3%83%83%E3%82%AF-%E3%83%AA%E3%83%95%E3%82%A3%E3%83%AB-Y0291001.html', 'https://amzn.to/3TCYWnu', 'https://www.qoo10.jp/su/1417652619/Q191493418', '2024-09-23 16:01:54', '2024-09-23 16:01:54'),
(199, 'FFP0000000016', 'DIOR', 'ディオール アディクト リップスティック (リフィル)', '740', 'サドル', 4620, 'aa352b', '0', '0', '0', '0', 'https://www.dior.com/ja_jp/beauty/products/%E3%83%87%E3%82%A3%E3%82%AA%E3%83%BC%E3%83%AB-%E3%82%A2%E3%83%87%E3%82%A3%E3%82%AF%E3%83%88-%E3%83%AA%E3%83%83%E3%83%97%E3%82%B9%E3%83%86%E3%82%A3%E3%83%83%E3%82%AF-%E3%83%AA%E3%83%95%E3%82%A3%E3%83%AB-Y0291001.html', 'https://amzn.to/3BeThNZ', 'https://www.qoo10.jp/su/1417652738/Q191493418', '2024-09-23 16:01:54', '2024-09-23 16:01:54'),
(200, 'FFP0000000016', 'DIOR', 'ディオール アディクト リップスティック (リフィル)', '744', 'ディオラマ', 4620, 'e44935', '0', '0', '0', '0', 'https://www.dior.com/ja_jp/beauty/products/%E3%83%87%E3%82%A3%E3%82%AA%E3%83%BC%E3%83%AB-%E3%82%A2%E3%83%87%E3%82%A3%E3%82%AF%E3%83%88-%E3%83%AA%E3%83%83%E3%83%97%E3%82%B9%E3%83%86%E3%82%A3%E3%83%83%E3%82%AF-%E3%83%AA%E3%83%95%E3%82%A3%E3%83%AB-Y0291001.html', 'https://amzn.to/3MU2ii1', 'https://www.qoo10.jp/su/1417652852/Q191493418', '2024-09-23 16:01:54', '2024-09-23 16:01:54'),
(201, 'FFP0000000016', 'DIOR', 'ディオール アディクト リップスティック (リフィル)', '745', 'レッド レボリューション', 4620, 'bd161d', '0', '0', '0', '0', 'https://www.dior.com/ja_jp/beauty/products/%E3%83%87%E3%82%A3%E3%82%AA%E3%83%BC%E3%83%AB-%E3%82%A2%E3%83%87%E3%82%A3%E3%82%AF%E3%83%88-%E3%83%AA%E3%83%83%E3%83%97%E3%82%B9%E3%83%86%E3%82%A3%E3%83%83%E3%82%AF-%E3%83%AA%E3%83%95%E3%82%A3%E3%83%AB-Y0291001.html', 'https://amzn.to/47ypL1T', 'https://www.qoo10.jp/su/1417652947/Q191493418', '2024-09-23 16:01:54', '2024-09-23 16:01:54'),
(202, 'FFP0000000016', 'DIOR', 'ディオール アディクト リップスティック (リフィル)', '758', 'レディー レッド (数量限定色)', 4620, 'c8371c', '1', '0', '0', '0', 'https://www.dior.com/ja_jp/beauty/products/%E3%83%87%E3%82%A3%E3%82%AA%E3%83%BC%E3%83%AB-%E3%82%A2%E3%83%87%E3%82%A3%E3%82%AF%E3%83%88-%E3%83%AA%E3%83%83%E3%83%97%E3%82%B9%E3%83%86%E3%82%A3%E3%83%83%E3%82%AF-%E3%83%AA%E3%83%95%E3%82%A3%E3%83%AB-Y0291001.html', 'https://amzn.to/4eeeWo5', 'https://www.qoo10.jp/su/1417653045/Q191493418', '2024-09-23 16:01:54', '2024-09-23 16:01:54'),
(203, 'FFP0000000016', 'DIOR', 'ディオール アディクト リップスティック (リフィル)', '822', 'スカーレット シルク (数量限定色)', 4620, 'c53c2a', '1', '0', '0', '0', 'https://www.dior.com/ja_jp/beauty/products/%E3%83%87%E3%82%A3%E3%82%AA%E3%83%BC%E3%83%AB-%E3%82%A2%E3%83%87%E3%82%A3%E3%82%AF%E3%83%88-%E3%83%AA%E3%83%83%E3%83%97%E3%82%B9%E3%83%86%E3%82%A3%E3%83%83%E3%82%AF-%E3%83%AA%E3%83%95%E3%82%A3%E3%83%AB-Y0291001.html', 'https://amzn.to/4dwBakh', 'https://www.qoo10.jp/su/1417653139/Q191493418', '2024-09-23 16:01:54', '2024-09-23 16:01:54'),
(204, 'FFP0000000016', 'DIOR', 'ディオール アディクト リップスティック (リフィル)', '841', 'カーロ', 4620, 'ad2829', '0', '0', '0', '0', 'https://www.dior.com/ja_jp/beauty/products/%E3%83%87%E3%82%A3%E3%82%AA%E3%83%BC%E3%83%AB-%E3%82%A2%E3%83%87%E3%82%A3%E3%82%AF%E3%83%88-%E3%83%AA%E3%83%83%E3%83%97%E3%82%B9%E3%83%86%E3%82%A3%E3%83%83%E3%82%AF-%E3%83%AA%E3%83%95%E3%82%A3%E3%83%AB-Y0291001.html', 'https://amzn.to/4gC6znS', 'https://www.qoo10.jp/su/1417653217/Q191493418', '2024-09-23 16:01:54', '2024-09-23 16:01:54'),
(205, 'FFP0000000016', 'DIOR', 'ディオール アディクト リップスティック (リフィル)', '845', 'ヴァイナル レッド (数量限定色)', 4620, 'c24b2b', '1', '0', '0', '0', 'https://www.dior.com/ja_jp/beauty/products/%E3%83%87%E3%82%A3%E3%82%AA%E3%83%BC%E3%83%AB-%E3%82%A2%E3%83%87%E3%82%A3%E3%82%AF%E3%83%88-%E3%83%AA%E3%83%83%E3%83%97%E3%82%B9%E3%83%86%E3%82%A3%E3%83%83%E3%82%AF-%E3%83%AA%E3%83%95%E3%82%A3%E3%83%AB-Y0291001.html', 'https://amzn.to/4dhNlRR', 'https://www.qoo10.jp/su/1417653318/Q191493418', '2024-09-23 16:01:54', '2024-09-23 16:01:54'),
(206, 'FFP0000000016', 'DIOR', 'ディオール アディクト リップスティック (リフィル)', '922', 'ワイルディオール', 4620, '742e2e', '0', '0', '0', '0', 'https://www.dior.com/ja_jp/beauty/products/%E3%83%87%E3%82%A3%E3%82%AA%E3%83%BC%E3%83%AB-%E3%82%A2%E3%83%87%E3%82%A3%E3%82%AF%E3%83%88-%E3%83%AA%E3%83%83%E3%83%97%E3%82%B9%E3%83%86%E3%82%A3%E3%83%83%E3%82%AF-%E3%83%AA%E3%83%95%E3%82%A3%E3%83%AB-Y0291001.html', 'https://amzn.to/4dhNmVV', 'https://www.qoo10.jp/su/1417653418/Q191493418', '2024-09-23 16:01:54', '2024-09-23 16:01:54'),
(207, 'FFP0000000016', 'DIOR', 'ディオール アディクト リップスティック (リフィル)', '976', 'ビー ディオール', 4620, 'c42231', '0', '0', '0', '0', 'https://www.dior.com/ja_jp/beauty/products/%E3%83%87%E3%82%A3%E3%82%AA%E3%83%BC%E3%83%AB-%E3%82%A2%E3%83%87%E3%82%A3%E3%82%AF%E3%83%88-%E3%83%AA%E3%83%83%E3%83%97%E3%82%B9%E3%83%86%E3%82%A3%E3%83%83%E3%82%AF-%E3%83%AA%E3%83%95%E3%82%A3%E3%83%AB-Y0291001.html', 'https://amzn.to/47D39NR', 'https://www.qoo10.jp/su/1417653518/Q191493418', '2024-09-23 16:01:54', '2024-09-23 16:01:54'),
(208, 'FFP0000000017', 'DIOR', 'ルージュ ディオール（リフィル）', '100S', ' ヌード ルック サテン', 4730, 'e3726a', '0', '0', '0', '0', 'https://www.dior.com/ja_jp/beauty/products/%E3%83%AB%E3%83%BC%E3%82%B8%E3%83%A5-%E3%83%87%E3%82%A3%E3%82%AA%E3%83%BC%E3%83%AB%E3%83%AA%E3%83%95%E3%82%A3%E3%83%AB-Y3356009.html', 'https://amzn.to/3BboamD', 'https://www.qoo10.jp/su/1417653608/Q191493418', '2024-09-23 16:01:54', '2024-09-23 16:01:54'),
(209, 'FFP0000000017', 'DIOR', 'ルージュ ディオール（リフィル）', '100V', ' ヌード ルック ベルベット', 4730, 'd58177', '0', '0', '0', '0', 'https://www.dior.com/ja_jp/beauty/products/%E3%83%AB%E3%83%BC%E3%82%B8%E3%83%A5-%E3%83%87%E3%82%A3%E3%82%AA%E3%83%BC%E3%83%AB%E3%83%AA%E3%83%95%E3%82%A3%E3%83%AB-Y3356009.html', 'https://amzn.to/3TEExhQ', 'https://www.qoo10.jp/su/1417653718/Q191493418', '2024-09-23 16:01:54', '2024-09-23 16:01:54'),
(210, 'FFP0000000017', 'DIOR', 'ルージュ ディオール（リフィル）', '200', 'ヌード タッチ ベルベット', 4730, 'd07965', '0', '0', '0', '0', 'https://www.dior.com/ja_jp/beauty/products/%E3%83%AB%E3%83%BC%E3%82%B8%E3%83%A5-%E3%83%87%E3%82%A3%E3%82%AA%E3%83%BC%E3%83%AB%E3%83%AA%E3%83%95%E3%82%A3%E3%83%AB-Y3356009.html', 'https://amzn.to/3XHKThM', 'https://www.qoo10.jp/su/1417653808/Q191493418', '2024-09-23 16:01:54', '2024-09-23 16:01:54'),
(211, 'FFP0000000017', 'DIOR', 'ルージュ ディオール（リフィル）', '277', 'オゼ サテン', 4730, 'f97185', '0', '0', '0', '0', 'https://www.dior.com/ja_jp/beauty/products/%E3%83%AB%E3%83%BC%E3%82%B8%E3%83%A5-%E3%83%87%E3%82%A3%E3%82%AA%E3%83%BC%E3%83%AB%E3%83%AA%E3%83%95%E3%82%A3%E3%83%AB-Y3356009.html', 'https://amzn.to/3TCAkLw', 'https://www.qoo10.jp/su/1417653907/Q191493418', '2024-09-23 16:01:54', '2024-09-23 16:01:54'),
(212, 'FFP0000000017', 'DIOR', 'ルージュ ディオール（リフィル）', '300', 'ヌード スタイル ベルベット', 4730, 'b67162', '0', '0', '0', '0', 'https://www.dior.com/ja_jp/beauty/products/%E3%83%AB%E3%83%BC%E3%82%B8%E3%83%A5-%E3%83%87%E3%82%A3%E3%82%AA%E3%83%BC%E3%83%AB%E3%83%AA%E3%83%95%E3%82%A3%E3%83%AB-Y3356009.html', 'https://amzn.to/3ZxVrCk', 'https://www.qoo10.jp/su/1417653993/Q191493418', '2024-09-23 16:01:54', '2024-09-23 16:01:54'),
(213, 'FFP0000000017', 'DIOR', 'ルージュ ディオール（リフィル）', '365', 'ニュー ワールド サテン', 4730, 'ff7c74', '0', '0', '0', '0', 'https://www.dior.com/ja_jp/beauty/products/%E3%83%AB%E3%83%BC%E3%82%B8%E3%83%A5-%E3%83%87%E3%82%A3%E3%82%AA%E3%83%BC%E3%83%AB%E3%83%AA%E3%83%95%E3%82%A3%E3%83%AB-Y3356009.html', 'https://amzn.to/3XDcGQp', 'https://www.qoo10.jp/su/1417654104/Q191493418', '2024-09-23 16:01:54', '2024-09-23 16:01:54'),
(214, 'FFP0000000017', 'DIOR', 'ルージュ ディオール（リフィル）', '434', 'プロムナード サテン', 4730, 'da7468', '0', '0', '0', '0', 'https://www.dior.com/ja_jp/beauty/products/%E3%83%AB%E3%83%BC%E3%82%B8%E3%83%A5-%E3%83%87%E3%82%A3%E3%82%AA%E3%83%BC%E3%83%AB%E3%83%AA%E3%83%95%E3%82%A3%E3%83%AB-Y3356009.html', 'https://amzn.to/3ziSjzP', 'https://www.qoo10.jp/su/1417654183/Q191493418', '2024-09-23 16:01:54', '2024-09-23 16:01:54'),
(215, 'FFP0000000017', 'DIOR', 'ルージュ ディオール（リフィル）', '458', 'パリ サテン', 4730, 'ee5d62', '0', '0', '0', '0', 'https://www.dior.com/ja_jp/beauty/products/%E3%83%AB%E3%83%BC%E3%82%B8%E3%83%A5-%E3%83%87%E3%82%A3%E3%82%AA%E3%83%BC%E3%83%AB%E3%83%AA%E3%83%95%E3%82%A3%E3%83%AB-Y3356009.html', 'https://amzn.to/3ZyEjwz', 'https://www.qoo10.jp/su/1417654270/Q191493418', '2024-09-23 16:01:54', '2024-09-23 16:01:54'),
(216, 'FFP0000000017', 'DIOR', 'ルージュ ディオール（リフィル）', '525', 'シェリー サテン', 4730, 'e45a50', '0', '0', '0', '0', 'https://www.dior.com/ja_jp/beauty/products/%E3%83%AB%E3%83%BC%E3%82%B8%E3%83%A5-%E3%83%87%E3%82%A3%E3%82%AA%E3%83%BC%E3%83%AB%E3%83%AA%E3%83%95%E3%82%A3%E3%83%AB-Y3356009.html', 'https://amzn.to/3Xzd3LI', 'https://www.qoo10.jp/su/1417654383/Q191493418', '2024-09-23 16:01:54', '2024-09-23 16:01:54'),
(217, 'FFP0000000017', 'DIOR', 'ルージュ ディオール（リフィル）', '556', 'エメ サテン', 4730, 'de5340', '0', '0', '0', '0', 'https://www.dior.com/ja_jp/beauty/products/%E3%83%AB%E3%83%BC%E3%82%B8%E3%83%A5-%E3%83%87%E3%82%A3%E3%82%AA%E3%83%BC%E3%83%AB%E3%83%AA%E3%83%95%E3%82%A3%E3%83%AB-Y3356009.html', 'https://amzn.to/4ezQMnF', 'https://www.qoo10.jp/su/1417654488/Q191493418', '2024-09-23 16:01:54', '2024-09-23 16:01:54'),
(218, 'FFP0000000017', 'DIOR', 'ルージュ ディオール（リフィル）', '683', 'ランデヴー サテン', 4730, 'dc5d54', '0', '0', '0', '0', 'https://www.dior.com/ja_jp/beauty/products/%E3%83%AB%E3%83%BC%E3%82%B8%E3%83%A5-%E3%83%87%E3%82%A3%E3%82%AA%E3%83%BC%E3%83%AB%E3%83%AA%E3%83%95%E3%82%A3%E3%83%AB-Y3356009.html', 'https://amzn.to/3XOIDGx', 'https://www.qoo10.jp/su/1417654608/Q191493418', '2024-09-23 16:01:54', '2024-09-23 16:01:54'),
(219, 'FFP0000000017', 'DIOR', 'ルージュ ディオール（リフィル）', '720S', ' アイコン サテン', 4730, 'c84f54', '0', '0', '0', '0', 'https://www.dior.com/ja_jp/beauty/products/%E3%83%AB%E3%83%BC%E3%82%B8%E3%83%A5-%E3%83%87%E3%82%A3%E3%82%AA%E3%83%BC%E3%83%AB%E3%83%AA%E3%83%95%E3%82%A3%E3%83%AB-Y3356009.html', 'https://amzn.to/3zB2rUs', 'https://www.qoo10.jp/su/1417654683/Q191493418', '2024-09-23 16:01:54', '2024-09-23 16:01:54'),
(220, 'FFP0000000017', 'DIOR', 'ルージュ ディオール（リフィル）', '777', 'ファーレンハイト ベルベット', 4730, 'bd3623', '0', '0', '0', '0', 'https://www.dior.com/ja_jp/beauty/products/%E3%83%AB%E3%83%BC%E3%82%B8%E3%83%A5-%E3%83%87%E3%82%A3%E3%82%AA%E3%83%BC%E3%83%AB%E3%83%AA%E3%83%95%E3%82%A3%E3%83%AB-Y3356009.html', 'https://amzn.to/4deYWkC', 'https://www.qoo10.jp/su/1417654770/Q191493418', '2024-09-23 16:01:54', '2024-09-23 16:01:54'),
(221, 'FFP0000000017', 'DIOR', 'ルージュ ディオール（リフィル）', '849', 'ルージュ シネマ サテン', 4730, 'cd3c29', '0', '0', '0', '0', 'https://www.dior.com/ja_jp/beauty/products/%E3%83%AB%E3%83%BC%E3%82%B8%E3%83%A5-%E3%83%87%E3%82%A3%E3%82%AA%E3%83%BC%E3%83%AB%E3%83%AA%E3%83%95%E3%82%A3%E3%83%AB-Y3356009.html', 'https://amzn.to/47C4xA8', 'https://www.qoo10.jp/su/1417654874/Q191493418', '2024-09-23 16:01:54', '2024-09-23 16:01:54'),
(222, 'FFP0000000017', 'DIOR', 'ルージュ ディオール（リフィル）', '999S', ' サテン', 4730, 'dd0d0b', '0', '0', '0', '0', 'https://www.dior.com/ja_jp/beauty/products/%E3%83%AB%E3%83%BC%E3%82%B8%E3%83%A5-%E3%83%87%E3%82%A3%E3%82%AA%E3%83%BC%E3%83%AB%E3%83%AA%E3%83%95%E3%82%A3%E3%83%AB-Y3356009.html', 'https://amzn.to/4eaz5LH', 'https://www.qoo10.jp/su/1417654957/Q191493418', '2024-09-23 16:01:54', '2024-09-23 16:01:54'),
(223, 'FFP0000000017', 'DIOR', 'ルージュ ディオール（リフィル）', '999V', ' ベルベット', 4730, 'cc050a', '0', '0', '0', '0', 'https://www.dior.com/ja_jp/beauty/products/%E3%83%AB%E3%83%BC%E3%82%B8%E3%83%A5-%E3%83%87%E3%82%A3%E3%82%AA%E3%83%BC%E3%83%AB%E3%83%AA%E3%83%95%E3%82%A3%E3%83%AB-Y3356009.html', 'https://amzn.to/3ZvN5Lx', 'https://www.qoo10.jp/su/1417655026/Q191493418', '2024-09-23 16:01:54', '2024-09-23 16:01:54'),
(224, 'FFP0000000018', 'DIOR', 'ルージュ ディオール フォーエヴァー スティック', '100', 'フォーエヴァー ヌード ルック', 5940, 'd38e7f', '0', '0', '0', '0', 'https://www.dior.com/ja_jp/beauty/products/%E3%83%AB%E3%83%BC%E3%82%B8%E3%83%A5-%E3%83%87%E3%82%A3%E3%82%AA%E3%83%BC%E3%83%AB-%E3%83%95%E3%82%A9%E3%83%BC%E3%82%A8%E3%83%B4%E3%82%A1%E3%83%BC-%E3%82%B9%E3%83%86%E3%82%A3%E3%83%83%E3%82%AF-Y0308009.html', 'https://www.amazon.co.jp/s?k=DIOR+%E3%83%AB%E3%83%BC%E3%82%B8%E3%83%A5+%E3%83%87%E3%82%A3%E3%82%AA%E3%83%BC%E3%83%AB+%E3%83%95%E3%82%A9%E3%83%BC%E3%82%A8%E3%83%B4%E3%82%A1%E3%83%BC+%E3%82%B9%E3%83%86%E3%82%A3%E3%83%83%E3%82%AF+%E3%83%95%E3%82%A9%E3%83%BC%E3%82%A8%E3%83%B4%E3%82%A1%E3%83%BC+%E3%83%8C%E3%83%BC%E3%83%89+%E3%83%AB%E3%83%83%E3%82%AF&i=instant-video&__mk_ja_JP=%E3%82%AB%E3%82%BF%E3%82%AB%E3%83%8A&crid=1HITMKW6C2X8Q&sprefix=dior+%E3%83%AB%E3%83%BC%E3%82%B8%E3%83%A5+%E3%83%87%E3%82%A3%E3%82%AA%E3%83%BC%E3%83%AB+%E3%83%95%E3%82%A9%E3%83%BC%E3%82%A8%E3%83%B4%E3%82%A1%E3%83%BC+%E3%82%B9%E3%83%86%E3%82%A3%E3%83%83%E3%82%AF+%E3%83%95%E3%82%A9%E3%83%BC%2Cinstant-video%2C1106&linkCode=sl2&tag=ytakehir00-22&linkId=43c930d535d7db211ec66e635d64c9af&language=ja_JP&ref_=as_li_ss_tl', 'https://www.qoo10.jp/su/1417655127/Q191493418', '2024-09-23 16:01:54', '2024-09-23 16:01:54'),
(225, 'FFP0000000018', 'DIOR', 'ルージュ ディオール フォーエヴァー スティック', '200', 'フォーエヴァー ヌード タッチ', 5940, 'c1745a', '0', '0', '0', '0', 'https://www.dior.com/ja_jp/beauty/products/%E3%83%AB%E3%83%BC%E3%82%B8%E3%83%A5-%E3%83%87%E3%82%A3%E3%82%AA%E3%83%BC%E3%83%AB-%E3%83%95%E3%82%A9%E3%83%BC%E3%82%A8%E3%83%B4%E3%82%A1%E3%83%BC-%E3%82%B9%E3%83%86%E3%82%A3%E3%83%83%E3%82%AF-Y0308009.html', 'https://www.amazon.co.jp/s?k=DIOR+%E3%83%AB%E3%83%BC%E3%82%B8%E3%83%A5+%E3%83%87%E3%82%A3%E3%82%AA%E3%83%BC%E3%83%AB+%E3%83%95%E3%82%A9%E3%83%BC%E3%82%A8%E3%83%B4%E3%82%A1%E3%83%BC+%E3%82%B9%E3%83%86%E3%82%A3%E3%83%83%E3%82%AF+%E3%83%95%E3%82%A9%E3%83%BC%E3%82%A8%E3%83%B4%E3%82%A1%E3%83%BC+%E3%83%8C%E3%83%BC%E3%83%89+%E3%82%BF%E3%83%83%E3%83%81&i=instant-video&__mk_ja_JP=%E3%82%AB%E3%82%BF%E3%82%AB%E3%83%8A&crid=2XO93YWFCU924&sprefix=dior+%2Cinstant-video%2C1009&linkCode=sl2&tag=ytakehir00-22&linkId=4c122dbc4d301dd06f48003d35abf474&language=ja_JP&ref_=as_li_ss_tl', 'https://www.qoo10.jp/su/1417655234/Q191493418', '2024-09-23 16:01:54', '2024-09-23 16:01:54'),
(226, 'FFP0000000018', 'DIOR', 'ルージュ ディオール フォーエヴァー スティック', '300', 'フォーエヴァー ヌード スタイル (オンライン限定色)', 5940, 'b0675e', '1', '0', '0', '0', 'https://www.dior.com/ja_jp/beauty/products/%E3%83%AB%E3%83%BC%E3%82%B8%E3%83%A5-%E3%83%87%E3%82%A3%E3%82%AA%E3%83%BC%E3%83%AB-%E3%83%95%E3%82%A9%E3%83%BC%E3%82%A8%E3%83%B4%E3%82%A1%E3%83%BC-%E3%82%B9%E3%83%86%E3%82%A3%E3%83%83%E3%82%AF-Y0308009.html', 'https://amzn.to/3MXAlpH', 'https://www.qoo10.jp/su/1417655333/Q191493418', '2024-09-23 16:01:54', '2024-09-23 16:01:54'),
(227, 'FFP0000000018', 'DIOR', 'ルージュ ディオール フォーエヴァー スティック', '400', 'フォーエヴァー ヌード ライン (オンライン限定色)', 5940, '88453d', '1', '0', '0', '0', 'https://www.dior.com/ja_jp/beauty/products/%E3%83%AB%E3%83%BC%E3%82%B8%E3%83%A5-%E3%83%87%E3%82%A3%E3%82%AA%E3%83%BC%E3%83%AB-%E3%83%95%E3%82%A9%E3%83%BC%E3%82%A8%E3%83%B4%E3%82%A1%E3%83%BC-%E3%82%B9%E3%83%86%E3%82%A3%E3%83%83%E3%82%AF-Y0308009.html', 'https://amzn.to/4exef99', 'https://www.qoo10.jp/su/1417655423/Q191493418', '2024-09-23 16:01:54', '2024-09-23 16:01:54'),
(228, 'FFP0000000018', 'DIOR', 'ルージュ ディオール フォーエヴァー スティック', '416', 'フォーエヴァー ワイルド', 5940, '88453d', '0', '0', '0', '0', 'https://www.dior.com/ja_jp/beauty/products/%E3%83%AB%E3%83%BC%E3%82%B8%E3%83%A5-%E3%83%87%E3%82%A3%E3%82%AA%E3%83%BC%E3%83%AB-%E3%83%95%E3%82%A9%E3%83%BC%E3%82%A8%E3%83%B4%E3%82%A1%E3%83%BC-%E3%82%B9%E3%83%86%E3%82%A3%E3%83%83%E3%82%AF-Y0308009.html', 'https://amzn.to/3zi35GB', 'https://www.qoo10.jp/su/1417655512/Q191493418', '2024-09-23 16:01:54', '2024-09-23 16:01:54'),
(229, 'FFP0000000018', 'DIOR', 'ルージュ ディオール フォーエヴァー スティック', '458', 'フォーエヴァー パリ', 5940, 'e1837b', '0', '0', '0', '0', 'https://www.dior.com/ja_jp/beauty/products/%E3%83%AB%E3%83%BC%E3%82%B8%E3%83%A5-%E3%83%87%E3%82%A3%E3%82%AA%E3%83%BC%E3%83%AB-%E3%83%95%E3%82%A9%E3%83%BC%E3%82%A8%E3%83%B4%E3%82%A1%E3%83%BC-%E3%82%B9%E3%83%86%E3%82%A3%E3%83%83%E3%82%AF-Y0308009.html', 'https://amzn.to/4dhNx3x', 'https://www.qoo10.jp/su/1417655600/Q191493418', '2024-09-23 16:01:54', '2024-09-23 16:01:54'),
(230, 'FFP0000000018', 'DIOR', 'ルージュ ディオール フォーエヴァー スティック', '505', 'フォーエヴァー センシュアル', 5940, 'd07e73', '0', '0', '0', '0', 'https://www.dior.com/ja_jp/beauty/products/%E3%83%AB%E3%83%BC%E3%82%B8%E3%83%A5-%E3%83%87%E3%82%A3%E3%82%AA%E3%83%BC%E3%83%AB-%E3%83%95%E3%82%A9%E3%83%BC%E3%82%A8%E3%83%B4%E3%82%A1%E3%83%BC-%E3%82%B9%E3%83%86%E3%82%A3%E3%83%83%E3%82%AF-Y0308009.html', 'https://amzn.to/3Bn0iMC', 'https://www.qoo10.jp/su/1417655672/Q191493418', '2024-09-23 16:01:54', '2024-09-23 16:01:54'),
(231, 'FFP0000000018', 'DIOR', 'ルージュ ディオール フォーエヴァー スティック', '518', 'フォーエヴァー コンフィデント', 5940, 'c06854', '0', '0', '0', '0', 'https://www.dior.com/ja_jp/beauty/products/%E3%83%AB%E3%83%BC%E3%82%B8%E3%83%A5-%E3%83%87%E3%82%A3%E3%82%AA%E3%83%BC%E3%83%AB-%E3%83%95%E3%82%A9%E3%83%BC%E3%82%A8%E3%83%B4%E3%82%A1%E3%83%BC-%E3%82%B9%E3%83%86%E3%82%A3%E3%83%83%E3%82%AF-Y0308009.html', 'https://amzn.to/4exQHRo', 'https://www.qoo10.jp/su/1417655760/Q191493418', '2024-09-23 16:01:54', '2024-09-23 16:01:54'),
(232, 'FFP0000000018', 'DIOR', 'ルージュ ディオール フォーエヴァー スティック', '525', 'フォーエヴァー シェリー', 5940, 'e4786e', '0', '0', '0', '0', 'https://www.dior.com/ja_jp/beauty/products/%E3%83%AB%E3%83%BC%E3%82%B8%E3%83%A5-%E3%83%87%E3%82%A3%E3%82%AA%E3%83%BC%E3%83%AB-%E3%83%95%E3%82%A9%E3%83%BC%E3%82%A8%E3%83%B4%E3%82%A1%E3%83%BC-%E3%82%B9%E3%83%86%E3%82%A3%E3%83%83%E3%82%AF-Y0308009.html', 'https://amzn.to/4grYORo', 'https://www.qoo10.jp/su/1417655840/Q191493418', '2024-09-23 16:01:54', '2024-09-23 16:01:54');
INSERT INTO `LIP_MASTER` (`LIP_ID`, `PRODUCT_ID`, `BRAND_NAME`, `PRODUCT_NAME`, `COLOR_NUMBER`, `COLOR_NAME`, `AMOUNT`, `COLORCODE`, `LIMITED_PRODUCT_FLAG`, `SALES_STOP_FLAG`, `PR_FLAG`, `HIDDEN_FLAG`, `OFFICIAL_URL`, `AMAZON_URL`, `QOO_TEN_URL`, `INSERT_TIME`, `UPDATE_TIME`) VALUES
(233, 'FFP0000000018', 'DIOR', 'ルージュ ディオール フォーエヴァー スティック', '558', 'フォーエヴァー グレース', 5940, 'cd6969', '0', '0', '0', '0', 'https://www.dior.com/ja_jp/beauty/products/%E3%83%AB%E3%83%BC%E3%82%B8%E3%83%A5-%E3%83%87%E3%82%A3%E3%82%AA%E3%83%BC%E3%83%AB-%E3%83%95%E3%82%A9%E3%83%BC%E3%82%A8%E3%83%B4%E3%82%A1%E3%83%BC-%E3%82%B9%E3%83%86%E3%82%A3%E3%83%83%E3%82%AF-Y0308009.html', 'https://amzn.to/3zuH0og', 'https://www.qoo10.jp/su/1417655900/Q191493418', '2024-09-23 16:01:54', '2024-09-23 16:01:54'),
(234, 'FFP0000000018', 'DIOR', 'ルージュ ディオール フォーエヴァー スティック', '626', 'フォーエヴァー フェイマス', 5940, 'c03b32', '0', '0', '0', '0', 'https://www.dior.com/ja_jp/beauty/products/%E3%83%AB%E3%83%BC%E3%82%B8%E3%83%A5-%E3%83%87%E3%82%A3%E3%82%AA%E3%83%BC%E3%83%AB-%E3%83%95%E3%82%A9%E3%83%BC%E3%82%A8%E3%83%B4%E3%82%A1%E3%83%BC-%E3%82%B9%E3%83%86%E3%82%A3%E3%83%83%E3%82%AF-Y0308009.html', 'https://amzn.to/4eoyIwW', 'https://www.qoo10.jp/su/1417655997/Q191493418', '2024-09-23 16:01:54', '2024-09-23 16:01:54'),
(235, 'FFP0000000018', 'DIOR', 'ルージュ ディオール フォーエヴァー スティック', '647', 'フォーエヴァー フェミニン', 5940, 'e0553e', '0', '0', '0', '0', 'https://www.dior.com/ja_jp/beauty/products/%E3%83%AB%E3%83%BC%E3%82%B8%E3%83%A5-%E3%83%87%E3%82%A3%E3%82%AA%E3%83%BC%E3%83%AB-%E3%83%95%E3%82%A9%E3%83%BC%E3%82%A8%E3%83%B4%E3%82%A1%E3%83%BC-%E3%82%B9%E3%83%86%E3%82%A3%E3%83%83%E3%82%AF-Y0308009.html', 'https://amzn.to/3XxrCiR', 'https://www.qoo10.jp/su/1417656089/Q191493418', '2024-09-23 16:01:54', '2024-09-23 16:01:54'),
(236, 'FFP0000000018', 'DIOR', 'ルージュ ディオール フォーエヴァー スティック', '720', 'フォーエヴァー アイコン', 5940, 'ca5156', '0', '0', '0', '0', 'https://www.dior.com/ja_jp/beauty/products/%E3%83%AB%E3%83%BC%E3%82%B8%E3%83%A5-%E3%83%87%E3%82%A3%E3%82%AA%E3%83%BC%E3%83%AB-%E3%83%95%E3%82%A9%E3%83%BC%E3%82%A8%E3%83%B4%E3%82%A1%E3%83%BC-%E3%82%B9%E3%83%86%E3%82%A3%E3%83%83%E3%82%AF-Y0308009.html', 'https://www.amazon.co.jp/s?k=DIOR+%E3%83%AB%E3%83%BC%E3%82%B8%E3%83%A5+%E3%83%87%E3%82%A3%E3%82%AA%E3%83%BC%E3%83%AB+%E3%83%95%E3%82%A9%E3%83%BC%E3%82%A8%E3%83%B4%E3%82%A1%E3%83%BC+%E3%82%B9%E3%83%86%E3%82%A3%E3%83%83%E3%82%AF+%E3%83%95%E3%82%A9%E3%83%BC%E3%82%A8%E3%83%B4%E3%82%A1%E3%83%BC+%E3%82%A2%E3%82%A4%E3%82%B3%E3%83%B3&i=instant-video&__mk_ja_JP=%E3%82%AB%E3%82%BF%E3%82%AB%E3%83%8A&crid=16STBZD3WIVH0&sprefix=dior+%E3%83%AB%E3%83%BC%E3%82%B8%2Cinstant-video%2C826&linkCode=sl2&tag=ytakehir00-22&linkId=cef87aff2b216feee42824170d86a787&language=ja_JP&ref_=as_li_ss_tl', 'https://www.qoo10.jp/su/1417656175/Q191493418', '2024-09-23 16:01:54', '2024-09-23 16:01:54'),
(237, 'FFP0000000018', 'DIOR', 'ルージュ ディオール フォーエヴァー スティック', '760', 'フォーエヴァー グラム', 5940, 'df3a48', '0', '0', '0', '0', 'https://www.dior.com/ja_jp/beauty/products/%E3%83%AB%E3%83%BC%E3%82%B8%E3%83%A5-%E3%83%87%E3%82%A3%E3%82%AA%E3%83%BC%E3%83%AB-%E3%83%95%E3%82%A9%E3%83%BC%E3%82%A8%E3%83%B4%E3%82%A1%E3%83%BC-%E3%82%B9%E3%83%86%E3%82%A3%E3%83%83%E3%82%AF-Y0308009.html', 'https://amzn.to/4gB3DrS', 'https://www.qoo10.jp/su/1417656239/Q191493418', '2024-09-23 16:01:54', '2024-09-23 16:01:54'),
(238, 'FFP0000000018', 'DIOR', 'ルージュ ディオール フォーエヴァー スティック', '780', 'フォーエヴァー ラッキー', 5940, 'd24067', '0', '0', '0', '0', 'https://www.dior.com/ja_jp/beauty/products/%E3%83%AB%E3%83%BC%E3%82%B8%E3%83%A5-%E3%83%87%E3%82%A3%E3%82%AA%E3%83%BC%E3%83%AB-%E3%83%95%E3%82%A9%E3%83%BC%E3%82%A8%E3%83%B4%E3%82%A1%E3%83%BC-%E3%82%B9%E3%83%86%E3%82%A3%E3%83%83%E3%82%AF-Y0308009.html', 'https://amzn.to/3XDspP8', 'https://www.qoo10.jp/su/1417656325/Q191493418', '2024-09-23 16:01:54', '2024-09-23 16:01:54'),
(239, 'FFP0000000018', 'DIOR', 'ルージュ ディオール フォーエヴァー スティック', '879', 'フォーエヴァー パッショネート', 5940, 'a32234', '0', '0', '0', '0', 'https://www.dior.com/ja_jp/beauty/products/%E3%83%AB%E3%83%BC%E3%82%B8%E3%83%A5-%E3%83%87%E3%82%A3%E3%82%AA%E3%83%BC%E3%83%AB-%E3%83%95%E3%82%A9%E3%83%BC%E3%82%A8%E3%83%B4%E3%82%A1%E3%83%BC-%E3%82%B9%E3%83%86%E3%82%A3%E3%83%83%E3%82%AF-Y0308009.html', 'https://amzn.to/3XylOFW', 'https://www.qoo10.jp/su/1417656391/Q191493418', '2024-09-23 16:01:54', '2024-09-23 16:01:54'),
(240, 'FFP0000000018', 'DIOR', 'ルージュ ディオール フォーエヴァー スティック', '999', 'フォーエヴァー ディオール', 5940, 'c1060f', '0', '0', '0', '0', 'https://www.dior.com/ja_jp/beauty/products/%E3%83%AB%E3%83%BC%E3%82%B8%E3%83%A5-%E3%83%87%E3%82%A3%E3%82%AA%E3%83%BC%E3%83%AB-%E3%83%95%E3%82%A9%E3%83%BC%E3%82%A8%E3%83%B4%E3%82%A1%E3%83%BC-%E3%82%B9%E3%83%86%E3%82%A3%E3%83%83%E3%82%AF-Y0308009.html', 'https://amzn.to/3MUzQNa', 'https://www.qoo10.jp/su/1417656463/Q191493418', '2024-09-23 16:01:54', '2024-09-23 16:01:54'),
(241, 'FFP0000000019', 'DIOR', 'ディオール アディクト リップ ティント', '251', 'ナチュラル ピーチ', 4730, 'ff5c5d', '0', '0', '0', '0', 'https://www.dior.com/ja_jp/beauty/products/%E3%83%87%E3%82%A3%E3%82%AA%E3%83%BC%E3%83%AB-%E3%82%A2%E3%83%87%E3%82%A3%E3%82%AF%E3%83%88-%E3%83%AA%E3%83%83%E3%83%97-%E3%83%86%E3%82%A3%E3%83%B3%E3%83%88-Y0271005.html', 'https://amzn.to/4espsaU', 'https://www.qoo10.jp/su/1417656534/Q191493418', '2024-09-23 16:01:54', '2024-09-23 16:01:54'),
(242, 'FFP0000000019', 'DIOR', 'ディオール アディクト リップ ティント', '331', 'ナチュラル ベージュ', 4730, 'e78e7c', '0', '0', '0', '0', 'https://www.dior.com/ja_jp/beauty/products/%E3%83%87%E3%82%A3%E3%82%AA%E3%83%BC%E3%83%AB-%E3%82%A2%E3%83%87%E3%82%A3%E3%82%AF%E3%83%88-%E3%83%AA%E3%83%83%E3%83%97-%E3%83%86%E3%82%A3%E3%83%B3%E3%83%88-Y0271005.html', 'https://amzn.to/47C4EM4', 'https://www.qoo10.jp/su/1417656610/Q191493418', '2024-09-23 16:01:54', '2024-09-23 16:01:54'),
(243, 'FFP0000000019', 'DIOR', 'ディオール アディクト リップ ティント', '351', 'ナチュラル ヌード', 4730, 'd44f6a', '0', '0', '0', '0', 'https://www.dior.com/ja_jp/beauty/products/%E3%83%87%E3%82%A3%E3%82%AA%E3%83%BC%E3%83%AB-%E3%82%A2%E3%83%87%E3%82%A3%E3%82%AF%E3%83%88-%E3%83%AA%E3%83%83%E3%83%97-%E3%83%86%E3%82%A3%E3%83%B3%E3%83%88-Y0271005.html', 'https://amzn.to/4gvdBuB', 'https://www.qoo10.jp/su/1417656681/Q191493418', '2024-09-23 16:01:54', '2024-09-23 16:01:54'),
(244, 'FFP0000000019', 'DIOR', 'ディオール アディクト リップ ティント', '421', 'ナチュラル ティー', 4730, 'bf4c3a', '0', '0', '0', '0', 'https://www.dior.com/ja_jp/beauty/products/%E3%83%87%E3%82%A3%E3%82%AA%E3%83%BC%E3%83%AB-%E3%82%A2%E3%83%87%E3%82%A3%E3%82%AF%E3%83%88-%E3%83%AA%E3%83%83%E3%83%97-%E3%83%86%E3%82%A3%E3%83%B3%E3%83%88-Y0271005.html', 'https://amzn.to/3BcVeL3', 'https://www.qoo10.jp/su/1417656757/Q191493418', '2024-09-23 16:01:54', '2024-09-23 16:01:54'),
(245, 'FFP0000000019', 'DIOR', 'ディオール アディクト リップ ティント', '451', 'ナチュラル コーラル (オンライン限定色)', 4730, 'ff3d45', '1', '0', '0', '0', 'https://www.dior.com/ja_jp/beauty/products/%E3%83%87%E3%82%A3%E3%82%AA%E3%83%BC%E3%83%AB-%E3%82%A2%E3%83%87%E3%82%A3%E3%82%AF%E3%83%88-%E3%83%AA%E3%83%83%E3%83%97-%E3%83%86%E3%82%A3%E3%83%B3%E3%83%88-Y0271005.html', 'https://amzn.to/4ewyJiu', 'https://www.qoo10.jp/su/1417656819/Q191493418', '2024-09-23 16:01:54', '2024-09-23 16:01:54'),
(246, 'FFP0000000019', 'DIOR', 'ディオール アディクト リップ ティント', '491', 'ナチュラル ローズウッド', 4730, '9d384a', '0', '0', '0', '0', 'https://www.dior.com/ja_jp/beauty/products/%E3%83%87%E3%82%A3%E3%82%AA%E3%83%BC%E3%83%AB-%E3%82%A2%E3%83%87%E3%82%A3%E3%82%AF%E3%83%88-%E3%83%AA%E3%83%83%E3%83%97-%E3%83%86%E3%82%A3%E3%83%B3%E3%83%88-Y0271005.html', 'https://amzn.to/47IUtWc', 'https://www.qoo10.jp/su/1417656901/Q191493418', '2024-09-23 16:01:54', '2024-09-23 16:01:54'),
(247, 'FFP0000000019', 'DIOR', 'ディオール アディクト リップ ティント', '541', 'ナチュラル シエナ', 4730, 'c1403a', '0', '0', '0', '0', 'https://www.dior.com/ja_jp/beauty/products/%E3%83%87%E3%82%A3%E3%82%AA%E3%83%BC%E3%83%AB-%E3%82%A2%E3%83%87%E3%82%A3%E3%82%AF%E3%83%88-%E3%83%AA%E3%83%83%E3%83%97-%E3%83%86%E3%82%A3%E3%83%B3%E3%83%88-Y0271005.html', 'https://amzn.to/4gxQks6', 'https://www.qoo10.jp/su/1417656970/Q191493418', '2024-09-23 16:01:54', '2024-09-23 16:01:54'),
(248, 'FFP0000000019', 'DIOR', 'ディオール アディクト リップ ティント', '641', 'ナチュラル レッド タンジェリン (オンライン限定色)', 4730, 'f74b23', '1', '0', '0', '0', 'https://www.dior.com/ja_jp/beauty/products/%E3%83%87%E3%82%A3%E3%82%AA%E3%83%BC%E3%83%AB-%E3%82%A2%E3%83%87%E3%82%A3%E3%82%AF%E3%83%88-%E3%83%AA%E3%83%83%E3%83%97-%E3%83%86%E3%82%A3%E3%83%B3%E3%83%88-Y0271005.html', 'https://amzn.to/47yqccx', 'https://www.qoo10.jp/su/1417657038/Q191493418', '2024-09-23 16:01:54', '2024-09-23 16:01:54'),
(249, 'FFP0000000019', 'DIOR', 'ディオール アディクト リップ ティント', '651', 'ナチュラル ローズ', 4730, 'ce3f43', '0', '0', '0', '0', 'https://www.dior.com/ja_jp/beauty/products/%E3%83%87%E3%82%A3%E3%82%AA%E3%83%BC%E3%83%AB-%E3%82%A2%E3%83%87%E3%82%A3%E3%82%AF%E3%83%88-%E3%83%AA%E3%83%83%E3%83%97-%E3%83%86%E3%82%A3%E3%83%B3%E3%83%88-Y0271005.html', 'https://amzn.to/3zsUKjc', 'https://www.qoo10.jp/su/1417657107/Q191493418', '2024-09-23 16:01:54', '2024-09-23 16:01:54'),
(250, 'FFP0000000019', 'DIOR', 'ディオール アディクト リップ ティント', '661', 'ナチュラル ハイビスカス(サマー コレクション 2024 数量限定色)', 4730, 'd23b4a', '1', '0', '0', '0', 'https://www.dior.com/ja_jp/beauty/products/%E3%83%87%E3%82%A3%E3%82%AA%E3%83%BC%E3%83%AB-%E3%82%A2%E3%83%87%E3%82%A3%E3%82%AF%E3%83%88-%E3%83%AA%E3%83%83%E3%83%97-%E3%83%86%E3%82%A3%E3%83%B3%E3%83%88-Y0271005.html', 'https://amzn.to/3Xxs14R', 'https://www.qoo10.jp/su/1417657183/Q191493418', '2024-09-23 16:01:54', '2024-09-23 16:01:54'),
(251, 'FFP0000000019', 'DIOR', 'ディオール アディクト リップ ティント', '731', 'ナチュラル ジンジャー', 4730, 'db4021', '0', '0', '0', '0', 'https://www.dior.com/ja_jp/beauty/products/%E3%83%87%E3%82%A3%E3%82%AA%E3%83%BC%E3%83%AB-%E3%82%A2%E3%83%87%E3%82%A3%E3%82%AF%E3%83%88-%E3%83%AA%E3%83%83%E3%83%97-%E3%83%86%E3%82%A3%E3%83%B3%E3%83%88-Y0271005.html', 'https://amzn.to/3ztbmr2', 'https://www.qoo10.jp/su/1417657183/Q191493418', '2024-09-23 16:01:54', '2024-09-23 16:01:54'),
(252, 'FFP0000000019', 'DIOR', 'ディオール アディクト リップ ティント', '761', 'ナチュラル フューシャ', 4730, 'f4224f', '0', '0', '0', '0', 'https://www.dior.com/ja_jp/beauty/products/%E3%83%87%E3%82%A3%E3%82%AA%E3%83%BC%E3%83%AB-%E3%82%A2%E3%83%87%E3%82%A3%E3%82%AF%E3%83%88-%E3%83%AA%E3%83%83%E3%83%97-%E3%83%86%E3%82%A3%E3%83%B3%E3%83%88-Y0271005.html', 'https://amzn.to/4gAPoD7', 'https://www.qoo10.jp/su/1417657305/Q191493418', '2024-09-23 16:01:54', '2024-09-23 16:01:54'),
(253, 'FFP0000000019', 'DIOR', 'ディオール アディクト リップ ティント', '771', 'ナチュラル ベリー', 4730, '8f2228', '0', '0', '0', '0', 'https://www.dior.com/ja_jp/beauty/products/%E3%83%87%E3%82%A3%E3%82%AA%E3%83%BC%E3%83%AB-%E3%82%A2%E3%83%87%E3%82%A3%E3%82%AF%E3%83%88-%E3%83%AA%E3%83%83%E3%83%97-%E3%83%86%E3%82%A3%E3%83%B3%E3%83%88-Y0271005.html', 'https://amzn.to/3MWbFOs', 'https://www.qoo10.jp/su/1417657370/Q191493418', '2024-09-23 16:01:54', '2024-09-23 16:01:54'),
(254, 'FFP0000000020', 'DIOR', 'ルージュ ディオール フォーエヴァー リキッド', '100', 'フォーエヴァー ヌード', 5940, 'c87a70', '0', '0', '0', '0', 'https://www.dior.com/ja_jp/beauty/products/%E3%83%AB%E3%83%BC%E3%82%B8%E3%83%A5-%E3%83%87%E3%82%A3%E3%82%AA%E3%83%BC%E3%83%AB-%E3%83%95%E3%82%A9%E3%83%BC%E3%82%A8%E3%83%B4%E3%82%A1%E3%83%BC-%E3%83%AA%E3%82%AD%E3%83%83%E3%83%89-Y0996265.html', 'https://amzn.to/4gsFfsp', 'https://www.qoo10.jp/su/1417657441/Q191493418', '2024-09-23 16:01:54', '2024-09-23 16:01:54'),
(255, 'FFP0000000020', 'DIOR', 'ルージュ ディオール フォーエヴァー リキッド', '200', 'フォーエヴァー ドリーム', 5940, 'af574b', '0', '0', '0', '0', 'https://www.dior.com/ja_jp/beauty/products/%E3%83%AB%E3%83%BC%E3%82%B8%E3%83%A5-%E3%83%87%E3%82%A3%E3%82%AA%E3%83%BC%E3%83%AB-%E3%83%95%E3%82%A9%E3%83%BC%E3%82%A8%E3%83%B4%E3%82%A1%E3%83%BC-%E3%83%AA%E3%82%AD%E3%83%83%E3%83%89-Y0996265.html', 'https://amzn.to/3TEEPoW', 'https://www.qoo10.jp/su/1417657512/Q191493418', '2024-09-23 16:01:54', '2024-09-23 16:01:54'),
(256, 'FFP0000000020', 'DIOR', 'ルージュ ディオール フォーエヴァー リキッド', '300', 'フォーエヴァー ヌード スタイル', 5940, 'a05f5b', '0', '0', '0', '0', 'https://www.dior.com/ja_jp/beauty/products/%E3%83%AB%E3%83%BC%E3%82%B8%E3%83%A5-%E3%83%87%E3%82%A3%E3%82%AA%E3%83%BC%E3%83%AB-%E3%83%95%E3%82%A9%E3%83%BC%E3%82%A8%E3%83%B4%E3%82%A1%E3%83%BC-%E3%83%AA%E3%82%AD%E3%83%83%E3%83%89-Y0996265.html', 'https://amzn.to/4gC741e', 'https://www.qoo10.jp/su/1417657575/Q191493418', '2024-09-23 16:01:54', '2024-09-23 16:01:54'),
(257, 'FFP0000000020', 'DIOR', 'ルージュ ディオール フォーエヴァー リキッド', '458', 'フォーエヴァー パリ', 5940, 'cb6767', '0', '0', '0', '0', 'https://www.dior.com/ja_jp/beauty/products/%E3%83%AB%E3%83%BC%E3%82%B8%E3%83%A5-%E3%83%87%E3%82%A3%E3%82%AA%E3%83%BC%E3%83%AB-%E3%83%95%E3%82%A9%E3%83%BC%E3%82%A8%E3%83%B4%E3%82%A1%E3%83%BC-%E3%83%AA%E3%82%AD%E3%83%83%E3%83%89-Y0996265.html', 'https://amzn.to/47FTtSv', 'https://www.qoo10.jp/su/1417657650/Q191493418', '2024-09-23 16:01:54', '2024-09-23 16:01:54'),
(258, 'FFP0000000020', 'DIOR', 'ルージュ ディオール フォーエヴァー リキッド', '558', 'フォーエヴァー グレース', 5940, 'b14950', '0', '0', '0', '0', 'https://www.dior.com/ja_jp/beauty/products/%E3%83%AB%E3%83%BC%E3%82%B8%E3%83%A5-%E3%83%87%E3%82%A3%E3%82%AA%E3%83%BC%E3%83%AB-%E3%83%95%E3%82%A9%E3%83%BC%E3%82%A8%E3%83%B4%E3%82%A1%E3%83%BC-%E3%83%AA%E3%82%AD%E3%83%83%E3%83%89-Y0996265.html', 'https://amzn.to/4gCyapg', 'https://www.qoo10.jp/su/1417657713/Q191493418', '2024-09-23 16:01:54', '2024-09-23 16:01:54'),
(259, 'FFP0000000020', 'DIOR', 'ルージュ ディオール フォーエヴァー リキッド', '626', 'フォーエヴァー フェイマス', 5940, 'a84130', '0', '0', '0', '0', 'https://www.dior.com/ja_jp/beauty/products/%E3%83%AB%E3%83%BC%E3%82%B8%E3%83%A5-%E3%83%87%E3%82%A3%E3%82%AA%E3%83%BC%E3%83%AB-%E3%83%95%E3%82%A9%E3%83%BC%E3%82%A8%E3%83%B4%E3%82%A1%E3%83%BC-%E3%83%AA%E3%82%AD%E3%83%83%E3%83%89-Y0996265.html', 'https://amzn.to/4db9uRG', 'https://www.qoo10.jp/su/1417657790/Q191493418', '2024-09-23 16:01:54', '2024-09-23 16:01:54'),
(260, 'FFP0000000020', 'DIOR', 'ルージュ ディオール フォーエヴァー リキッド', '637', 'フォーエヴァー サブライム', 5940, '8f4441', '0', '0', '0', '0', 'https://www.dior.com/ja_jp/beauty/products/%E3%83%AB%E3%83%BC%E3%82%B8%E3%83%A5-%E3%83%87%E3%82%A3%E3%82%AA%E3%83%BC%E3%83%AB-%E3%83%95%E3%82%A9%E3%83%BC%E3%82%A8%E3%83%B4%E3%82%A1%E3%83%BC-%E3%83%AA%E3%82%AD%E3%83%83%E3%83%89-Y0996265.html', 'https://amzn.to/4gx7kyB', 'https://www.qoo10.jp/su/1417657836/Q191493418', '2024-09-23 16:01:54', '2024-09-23 16:01:54'),
(261, 'FFP0000000020', 'DIOR', 'ルージュ ディオール フォーエヴァー リキッド', '720', 'フォーエヴァー アイコン', 5940, 'b94643', '0', '0', '0', '0', 'https://www.dior.com/ja_jp/beauty/products/%E3%83%AB%E3%83%BC%E3%82%B8%E3%83%A5-%E3%83%87%E3%82%A3%E3%82%AA%E3%83%BC%E3%83%AB-%E3%83%95%E3%82%A9%E3%83%BC%E3%82%A8%E3%83%B4%E3%82%A1%E3%83%BC-%E3%83%AA%E3%82%AD%E3%83%83%E3%83%89-Y0996265.html', 'https://amzn.to/4ecCbiu', 'https://www.qoo10.jp/su/1417657905/Q191493418', '2024-09-23 16:01:54', '2024-09-23 16:01:54'),
(262, 'FFP0000000020', 'DIOR', 'ルージュ ディオール フォーエヴァー リキッド', '741', 'フォーエヴァー スター', 5940, 'c0260c', '0', '0', '0', '0', 'https://www.dior.com/ja_jp/beauty/products/%E3%83%AB%E3%83%BC%E3%82%B8%E3%83%A5-%E3%83%87%E3%82%A3%E3%82%AA%E3%83%BC%E3%83%AB-%E3%83%95%E3%82%A9%E3%83%BC%E3%82%A8%E3%83%B4%E3%82%A1%E3%83%BC-%E3%83%AA%E3%82%AD%E3%83%83%E3%83%89-Y0996265.html', 'https://amzn.to/4gAvI2j', 'https://www.qoo10.jp/su/1417657966/Q191493418', '2024-09-23 16:01:54', '2024-09-23 16:01:54'),
(263, 'FFP0000000020', 'DIOR', 'ルージュ ディオール フォーエヴァー リキッド', '760', 'フォーエヴァー グラム', 5940, 'c4122c', '0', '0', '0', '0', 'https://www.dior.com/ja_jp/beauty/products/%E3%83%AB%E3%83%BC%E3%82%B8%E3%83%A5-%E3%83%87%E3%82%A3%E3%82%AA%E3%83%BC%E3%83%AB-%E3%83%95%E3%82%A9%E3%83%BC%E3%82%A8%E3%83%B4%E3%82%A1%E3%83%BC-%E3%83%AA%E3%82%AD%E3%83%83%E3%83%89-Y0996265.html', 'https://amzn.to/3TF14uZ', 'https://www.qoo10.jp/su/1417658024/Q191493418', '2024-09-23 16:01:54', '2024-09-23 16:01:54'),
(264, 'FFP0000000020', 'DIOR', 'ルージュ ディオール フォーエヴァー リキッド', '820', 'フォーエヴァー ユニーク', 5940, '8c3d38', '0', '0', '0', '0', 'https://www.dior.com/ja_jp/beauty/products/%E3%83%AB%E3%83%BC%E3%82%B8%E3%83%A5-%E3%83%87%E3%82%A3%E3%82%AA%E3%83%BC%E3%83%AB-%E3%83%95%E3%82%A9%E3%83%BC%E3%82%A8%E3%83%B4%E3%82%A1%E3%83%BC-%E3%83%AA%E3%82%AD%E3%83%83%E3%83%89-Y0996265.html', 'https://amzn.to/3Bnh5iB', 'https://www.qoo10.jp/su/1417658076/Q191493418', '2024-09-23 16:01:54', '2024-09-23 16:01:54'),
(265, 'FFP0000000020', 'DIOR', 'ルージュ ディオール フォーエヴァー リキッド', '840', 'フォーエヴァー ラディアント', 5940, 'b9472d', '0', '0', '0', '0', 'https://www.dior.com/ja_jp/beauty/products/%E3%83%AB%E3%83%BC%E3%82%B8%E3%83%A5-%E3%83%87%E3%82%A3%E3%82%AA%E3%83%BC%E3%83%AB-%E3%83%95%E3%82%A9%E3%83%BC%E3%82%A8%E3%83%B4%E3%82%A1%E3%83%BC-%E3%83%AA%E3%82%AD%E3%83%83%E3%83%89-Y0996265.html', 'https://amzn.to/3BhVt7C', 'https://www.qoo10.jp/su/1417658131/Q191493418', '2024-09-23 16:01:54', '2024-09-23 16:01:54'),
(266, 'FFP0000000020', 'DIOR', 'ルージュ ディオール フォーエヴァー リキッド', '861', 'フォーエヴァー チャーム', 5940, 'b93a34', '0', '0', '0', '0', 'https://www.dior.com/ja_jp/beauty/products/%E3%83%AB%E3%83%BC%E3%82%B8%E3%83%A5-%E3%83%87%E3%82%A3%E3%82%AA%E3%83%BC%E3%83%AB-%E3%83%95%E3%82%A9%E3%83%BC%E3%82%A8%E3%83%B4%E3%82%A1%E3%83%BC-%E3%83%AA%E3%82%AD%E3%83%83%E3%83%89-Y0996265.html', 'https://amzn.to/4dm1mxI', 'https://www.qoo10.jp/su/1417658200/Q191493418', '2024-09-23 16:01:54', '2024-09-23 16:01:54'),
(267, 'FFP0000000020', 'DIOR', 'ルージュ ディオール フォーエヴァー リキッド', '943', 'フォーエヴァー ショック (オンラインブティック限定色)', 5940, '6e3035', '1', '0', '0', '0', 'https://www.dior.com/ja_jp/beauty/products/%E3%83%AB%E3%83%BC%E3%82%B8%E3%83%A5-%E3%83%87%E3%82%A3%E3%82%AA%E3%83%BC%E3%83%AB-%E3%83%95%E3%82%A9%E3%83%BC%E3%82%A8%E3%83%B4%E3%82%A1%E3%83%BC-%E3%83%AA%E3%82%AD%E3%83%83%E3%83%89-Y0996265.html', 'https://amzn.to/4ebKtqR', 'https://www.qoo10.jp/su/1417658254/Q191493418', '2024-09-23 16:01:54', '2024-09-23 16:01:54'),
(268, 'FFP0000000020', 'DIOR', 'ルージュ ディオール フォーエヴァー リキッド', '959', 'フォーエヴァー ボールド', 5940, '923240', '0', '0', '0', '0', 'https://www.dior.com/ja_jp/beauty/products/%E3%83%AB%E3%83%BC%E3%82%B8%E3%83%A5-%E3%83%87%E3%82%A3%E3%82%AA%E3%83%BC%E3%83%AB-%E3%83%95%E3%82%A9%E3%83%BC%E3%82%A8%E3%83%B4%E3%82%A1%E3%83%BC-%E3%83%AA%E3%82%AD%E3%83%83%E3%83%89-Y0996265.html', 'https://amzn.to/3zu90Iw', 'https://www.qoo10.jp/su/1417658317/Q191493418', '2024-09-23 16:01:54', '2024-09-23 16:01:54'),
(269, 'FFP0000000020', 'DIOR', 'ルージュ ディオール フォーエヴァー リキッド', '999', 'フォーエヴァー ディオール', 5940, 'bc0e0d', '0', '0', '0', '0', 'https://www.dior.com/ja_jp/beauty/products/%E3%83%AB%E3%83%BC%E3%82%B8%E3%83%A5-%E3%83%87%E3%82%A3%E3%82%AA%E3%83%BC%E3%83%AB-%E3%83%95%E3%82%A9%E3%83%BC%E3%82%A8%E3%83%B4%E3%82%A1%E3%83%BC-%E3%83%AA%E3%82%AD%E3%83%83%E3%83%89-Y0996265.html', 'https://amzn.to/47zWmEq', 'https://www.qoo10.jp/su/1417658366/Q191493418', '2024-09-23 16:01:54', '2024-09-23 16:01:54'),
(270, 'FFP0000000021', 'DIOR', 'ルージュ ディオール コントゥール', '000', 'ディオールナチュラル', 4290, 'fefaf7', '0', '0', '0', '0', 'https://www.dior.com/ja_jp/beauty/products/%E3%83%AB%E3%83%BC%E3%82%B8%E3%83%A5-%E3%83%87%E3%82%A3%E3%82%AA%E3%83%BC%E3%83%AB-%E3%82%B3%E3%83%B3%E3%83%88%E3%82%A5%E3%83%BC%E3%83%AB-Y0179000.html', 'https://amzn.to/4esrecR', 'https://www.qoo10.jp/su/1417658420/Q191493418', '2024-09-23 16:01:54', '2024-09-23 16:01:54'),
(271, 'FFP0000000021', 'DIOR', 'ルージュ ディオール コントゥール', '28', 'アクトリス', 4290, 'fe6e6d', '0', '0', '0', '0', 'https://www.dior.com/ja_jp/beauty/products/%E3%83%AB%E3%83%BC%E3%82%B8%E3%83%A5-%E3%83%87%E3%82%A3%E3%82%AA%E3%83%BC%E3%83%AB-%E3%82%B3%E3%83%B3%E3%83%88%E3%82%A5%E3%83%BC%E3%83%AB-Y0179010.html', 'https://amzn.to/3TE5odE', 'https://www.qoo10.jp/su/1417658482/Q191493418', '2024-09-23 16:01:54', '2024-09-23 16:01:54'),
(272, 'FFP0000000021', 'DIOR', 'ルージュ ディオール コントゥール', '80', 'レッド スマイル', 4290, 'df3734', '0', '0', '0', '0', 'https://www.dior.com/ja_jp/beauty/products/%E3%83%AB%E3%83%BC%E3%82%B8%E3%83%A5-%E3%83%87%E3%82%A3%E3%82%AA%E3%83%BC%E3%83%AB-%E3%82%B3%E3%83%B3%E3%83%88%E3%82%A5%E3%83%BC%E3%83%AB-Y0179010.html', 'https://amzn.to/3TEnDA1', 'https://www.qoo10.jp/su/1417658548/Q191493418', '2024-09-23 16:01:54', '2024-09-23 16:01:54'),
(273, 'FFP0000000021', 'DIOR', 'ルージュ ディオール コントゥール', '100', 'ヌード ルック', 4290, 'd48276', '0', '0', '0', '0', 'https://www.dior.com/ja_jp/beauty/products/%E3%83%AB%E3%83%BC%E3%82%B8%E3%83%A5-%E3%83%87%E3%82%A3%E3%82%AA%E3%83%BC%E3%83%AB-%E3%82%B3%E3%83%B3%E3%83%88%E3%82%A5%E3%83%BC%E3%83%AB-Y0179010.html', 'https://amzn.to/3zvNbIC', 'https://www.qoo10.jp/su/1417658621/Q191493418', '2024-09-23 16:01:54', '2024-09-23 16:01:54'),
(274, 'FFP0000000021', 'DIOR', 'ルージュ ディオール コントゥール', '200', 'ヌード タッチ', 4290, 'd67c62', '0', '0', '0', '0', 'https://www.dior.com/ja_jp/beauty/products/%E3%83%AB%E3%83%BC%E3%82%B8%E3%83%A5-%E3%83%87%E3%82%A3%E3%82%AA%E3%83%BC%E3%83%AB-%E3%82%B3%E3%83%B3%E3%83%88%E3%82%A5%E3%83%BC%E3%83%AB-Y0179010.html', 'https://amzn.to/3TBH4t7', 'https://www.qoo10.jp/su/1417658674/Q191493418', '2024-09-23 16:01:54', '2024-09-23 16:01:54'),
(275, 'FFP0000000021', 'DIOR', 'ルージュ ディオール コントゥール', '218', 'ローズ ローズ', 4290, 'd39586', '0', '0', '0', '0', 'https://www.dior.com/ja_jp/beauty/products/%E3%83%AB%E3%83%BC%E3%82%B8%E3%83%A5-%E3%83%87%E3%82%A3%E3%82%AA%E3%83%BC%E3%83%AB-%E3%82%B3%E3%83%B3%E3%83%88%E3%82%A5%E3%83%BC%E3%83%AB-Y0179010.html', 'https://amzn.to/4ecCwSi', 'https://www.qoo10.jp/su/1417658723/Q191493418', '2024-09-23 16:01:54', '2024-09-23 16:01:54'),
(276, 'FFP0000000021', 'DIOR', 'ルージュ ディオール コントゥール', '277', 'オゼ', 4290, 'f6808c', '0', '0', '0', '0', 'https://www.dior.com/ja_jp/beauty/products/%E3%83%AB%E3%83%BC%E3%82%B8%E3%83%A5-%E3%83%87%E3%82%A3%E3%82%AA%E3%83%BC%E3%83%AB-%E3%82%B3%E3%83%B3%E3%83%88%E3%82%A5%E3%83%BC%E3%83%AB-Y0179010.html', 'https://amzn.to/3zB3vYs', 'https://www.qoo10.jp/su/1417658784/Q191493418', '2024-09-23 16:01:54', '2024-09-23 16:01:54'),
(277, 'FFP0000000021', 'DIOR', 'ルージュ ディオール コントゥール', '525', 'シェリー', 4290, 'ea6254', '0', '0', '0', '0', 'https://www.dior.com/ja_jp/beauty/products/%E3%83%AB%E3%83%BC%E3%82%B8%E3%83%A5-%E3%83%87%E3%82%A3%E3%82%AA%E3%83%BC%E3%83%AB-%E3%82%B3%E3%83%B3%E3%83%88%E3%82%A5%E3%83%BC%E3%83%AB-Y0179010.html', 'https://amzn.to/3Tyblc3', 'https://www.qoo10.jp/su/1417658843/Q191493418', '2024-09-23 16:01:54', '2024-09-23 16:01:54'),
(278, 'FFP0000000021', 'DIOR', 'ルージュ ディオール コントゥール', '624', 'ヴェローヌ', 4290, 'd46764', '0', '0', '0', '0', 'https://www.dior.com/ja_jp/beauty/products/%E3%83%AB%E3%83%BC%E3%82%B8%E3%83%A5-%E3%83%87%E3%82%A3%E3%82%AA%E3%83%BC%E3%83%AB-%E3%82%B3%E3%83%B3%E3%83%88%E3%82%A5%E3%83%BC%E3%83%AB-Y0179010.html', 'https://amzn.to/4gsYylj', 'https://www.qoo10.jp/su/1417658905/Q191493418', '2024-09-23 16:01:54', '2024-09-23 16:01:54'),
(279, 'FFP0000000021', 'DIOR', 'ルージュ ディオール コントゥール', '678', 'カルト', 4290, 'e86d89', '0', '0', '0', '0', 'https://www.dior.com/ja_jp/beauty/products/%E3%83%AB%E3%83%BC%E3%82%B8%E3%83%A5-%E3%83%87%E3%82%A3%E3%82%AA%E3%83%BC%E3%83%AB-%E3%82%B3%E3%83%B3%E3%83%88%E3%82%A5%E3%83%BC%E3%83%AB-Y0179010.html', 'https://amzn.to/4gzE6ir', 'https://www.qoo10.jp/su/1417658964/Q191493418', '2024-09-23 16:01:54', '2024-09-23 16:01:54'),
(280, 'FFP0000000021', 'DIOR', 'ルージュ ディオール コントゥール', '720', 'アイコン', 4290, 'c05855', '0', '0', '0', '0', 'https://www.dior.com/ja_jp/beauty/products/%E3%83%AB%E3%83%BC%E3%82%B8%E3%83%A5-%E3%83%87%E3%82%A3%E3%82%AA%E3%83%BC%E3%83%AB-%E3%82%B3%E3%83%B3%E3%83%88%E3%82%A5%E3%83%BC%E3%83%AB-Y0179010.html', 'https://amzn.to/3zpqE07', 'https://www.qoo10.jp/su/1417659033/Q191493418', '2024-09-23 16:01:54', '2024-09-23 16:01:54'),
(281, 'FFP0000000021', 'DIOR', 'ルージュ ディオール コントゥール', '743', 'ルージュ ジニア', 4290, 'd2483e', '0', '0', '0', '0', 'https://www.dior.com/ja_jp/beauty/products/%E3%83%AB%E3%83%BC%E3%82%B8%E3%83%A5-%E3%83%87%E3%82%A3%E3%82%AA%E3%83%BC%E3%83%AB-%E3%82%B3%E3%83%B3%E3%83%88%E3%82%A5%E3%83%BC%E3%83%AB-Y0179010.html', 'https://amzn.to/3zgy5Xu', 'https://www.qoo10.jp/su/1417659095/Q191493418', '2024-09-23 16:01:54', '2024-09-23 16:01:54'),
(282, 'FFP0000000021', 'DIOR', 'ルージュ ディオール コントゥール', '909', 'ミッドナイト', 4290, 'ae474b', '0', '0', '0', '0', 'https://www.dior.com/ja_jp/beauty/products/%E3%83%AB%E3%83%BC%E3%82%B8%E3%83%A5-%E3%83%87%E3%82%A3%E3%82%AA%E3%83%BC%E3%83%AB-%E3%82%B3%E3%83%B3%E3%83%88%E3%82%A5%E3%83%BC%E3%83%AB-Y0179010.html', 'https://amzn.to/4gxR0h8', 'https://www.qoo10.jp/su/1417659159/Q191493418', '2024-09-23 16:01:54', '2024-09-23 16:01:54'),
(283, 'FFP0000000021', 'DIOR', 'ルージュ ディオール コントゥール', '999', '', 4290, 'e53132', '0', '0', '0', '0', 'https://www.dior.com/ja_jp/beauty/products/%E3%83%AB%E3%83%BC%E3%82%B8%E3%83%A5-%E3%83%87%E3%82%A3%E3%82%AA%E3%83%BC%E3%83%AB-%E3%82%B3%E3%83%B3%E3%83%88%E3%82%A5%E3%83%BC%E3%83%AB-Y0179010.html', 'https://amzn.to/4gCEtZF', 'https://www.qoo10.jp/su/1417659814/Q191493418', '2024-09-23 16:01:54', '2024-09-23 16:01:54'),
(284, 'FFP0000000022', 'DIOR', 'ルージュ ディオール 000', '000', 'ディオールナチュラル サテン バーム', 5940, 'fcfcfc', '0', '0', '0', '0', 'https://www.dior.com/ja_jp/beauty/products/%E3%83%AB%E3%83%BC%E3%82%B8%E3%83%A5-%E3%83%87%E3%82%A3%E3%82%AA%E3%83%BC%E3%83%AB-000-Y0401001.html', 'https://amzn.to/4eirzhZ', 'https://www.qoo10.jp/su/1417645095/Q191493418', '2024-09-23 16:01:54', '2024-09-23 16:01:54'),
(285, 'FFP0000000023', 'DIOR', 'ディオール アディクト スクラブ＆バーム', '001', 'ピンク', 4730, 'ee717f', '0', '0', '0', '0', 'https://www.dior.com/ja_jp/beauty/products/%E3%83%87%E3%82%A3%E3%82%AA%E3%83%BC%E3%83%AB-%E3%82%A2%E3%83%87%E3%82%A3%E3%82%AF%E3%83%88-%E3%82%B9%E3%82%AF%E3%83%A9%E3%83%96%EF%BC%86%E3%83%90%E3%83%BC%E3%83%A0-Y0028880.html', 'https://amzn.to/4efbsBO', 'https://www.qoo10.jp/su/1417645248/Q191493418', '2024-09-23 16:01:54', '2024-09-23 16:01:54'),
(286, 'FFP0000000024', 'DIOR', 'ルージュ ディオール 000 (リフィル)', '000', 'ディオールナチュラル サテン バーム', 4730, 'fcfcfc', '0', '0', '0', '0', 'https://www.dior.com/ja_jp/beauty/products/%E3%83%AB%E3%83%BC%E3%82%B8%E3%83%A5-%E3%83%87%E3%82%A3%E3%82%AA%E3%83%BC%E3%83%AB-000-%E3%83%AA%E3%83%95%E3%82%A3%E3%83%AB-Y3401001.html', 'https://amzn.to/4dfD8oM', 'https://www.qoo10.jp/su/1417645380/Q191493418', '2024-09-23 16:01:54', '2024-09-23 16:01:54');

-- --------------------------------------------------------

--
-- テーブルの構造 `LIP_TAG_MAP_MASTER`
--

CREATE TABLE `LIP_TAG_MAP_MASTER` (
  `ID` int(10) NOT NULL COMMENT 'タグマップID',
  `LIP_ID` int(10) NOT NULL COMMENT 'リップID',
  `TAG_ID` int(10) NOT NULL COMMENT 'タグID',
  `HIDDEN_FLAG` char(1) NOT NULL DEFAULT '0' COMMENT '非表示フラグ'
) ENGINE=InnoDB DEFAULT CHARSET=utf8mb4;

--
-- テーブルのデータのダンプ `LIP_TAG_MAP_MASTER`
--

INSERT INTO `LIP_TAG_MAP_MASTER` (`ID`, `LIP_ID`, `TAG_ID`, `HIDDEN_FLAG`) VALUES
(1, 1, 213, '0'),
(2, 2, 213, '0'),
(3, 3, 213, '0'),
(4, 4, 213, '0'),
(5, 1, 101, '0'),
(6, 2, 101, '0'),
(7, 3, 101, '0'),
(8, 4, 101, '0'),
(9, 5, 101, '0'),
(10, 6, 101, '0'),
(11, 7, 101, '0'),
(12, 8, 101, '0'),
(13, 9, 101, '0'),
(14, 10, 2, '0'),
(15, 11, 2, '0'),
(16, 12, 2, '0'),
(17, 13, 2, '0'),
(18, 14, 2, '0'),
(19, 15, 2, '0'),
(20, 10, 205, '0'),
(21, 11, 205, '0'),
(22, 12, 205, '0'),
(23, 13, 205, '0'),
(24, 14, 205, '0'),
(25, 15, 205, '0'),
(26, 16, 6, '0'),
(27, 17, 6, '0'),
(28, 18, 6, '0'),
(29, 16, 213, '0'),
(30, 17, 213, '0'),
(31, 18, 213, '0'),
(32, 19, 1, '0'),
(33, 20, 1, '0');

-- --------------------------------------------------------

--
-- テーブルの構造 `LIP_TAG_MASTER`
--

CREATE TABLE `LIP_TAG_MASTER` (
  `ID` int(6) NOT NULL COMMENT 'タグ管理ID',
  `TAG_NAME` varchar(500) NOT NULL COMMENT 'タグ名称',
  `TAG_GENRE` int(6) NOT NULL COMMENT 'タグジャンル\r\n0：種類\r\n1：テクスチャ\r\n2：特徴',
  `HIDDEN_FLAG` char(1) NOT NULL COMMENT '非表示フラグ'
) ENGINE=InnoDB DEFAULT CHARSET=utf8mb4;

--
-- テーブルのデータのダンプ `LIP_TAG_MASTER`
--

INSERT INTO `LIP_TAG_MASTER` (`ID`, `TAG_NAME`, `TAG_GENRE`, `HIDDEN_FLAG`) VALUES
(1, 'リップスティック', 0, '0'),
(2, 'ティント', 0, '0'),
(3, 'リキッドルージュ', 0, '0'),
(4, 'リップグロス', 0, '0'),
(5, 'リップクリーム', 0, '0'),
(6, 'リップライナー', 0, '0'),
(101, 'マット', 1, '0'),
(102, 'ツヤ', 1, '0'),
(103, 'シアー', 1, '0'),
(201, 'プランパー', 2, '0'),
(202, 'ラメ入り', 2, '0'),
(203, '落ちにくい', 2, '0'),
(204, '保湿効果', 2, '0'),
(205, '粘膜', 2, '0'),
(206, '泥', 2, '0'),
(207, '水光', 2, '0'),
(208, 'ph値反応', 2, '0'),
(209, 'プチプラ', 2, '0'),
(210, 'デパコス', 2, '0'),
(211, '韓国コスメ', 2, '0'),
(212, '色補正', 2, '0'),
(213, 'マルチコスメ', 2, '0'),
(214, '無香料', 2, '0');

-- --------------------------------------------------------

--
-- テーブルの構造 `SEARCH_COLORCODE`
--

CREATE TABLE `SEARCH_COLORCODE` (
  `ID` int(11) NOT NULL COMMENT '管理ID',
  `COLORCODE` varchar(500) NOT NULL COMMENT 'カラーコード（#なし）',
  `COUNT` int(11) NOT NULL DEFAULT '1' COMMENT '検索回数',
  `LAST_SEARCH` datetime NOT NULL DEFAULT CURRENT_TIMESTAMP COMMENT '最終検索日時'
) ENGINE=InnoDB DEFAULT CHARSET=utf8mb4;

--
-- テーブルのデータのダンプ `SEARCH_COLORCODE`
--

INSERT INTO `SEARCH_COLORCODE` (`ID`, `COLORCODE`, `COUNT`, `LAST_SEARCH`) VALUES
(1, 'ffffff', 5, '2024-11-08 15:09:05'),
(2, 'e96852', 13, '2024-11-24 01:54:35'),
(3, '46262b', 2, '2024-09-03 01:38:57'),
(4, 'c14949', 1, '2024-09-02 00:34:04'),
(8, 'f5354c', 3, '2024-11-21 18:48:26'),
(9, '480d0d', 1, '2024-09-03 01:35:10'),
(10, '723f28', 1, '2024-09-03 01:35:40'),
(11, '844a2c', 1, '2024-09-03 01:37:42'),
(12, '89532f', 1, '2024-09-03 01:37:52'),
(13, 'a45312', 4, '2024-11-23 02:45:55'),
(14, '99562c', 1, '2024-09-03 01:38:19'),
(15, '833821', 1, '2024-09-03 01:38:25'),
(16, 'c47b5b', 33, '2024-11-27 00:01:19'),
(18, 'ec8388', 1, '2024-09-03 01:39:27'),
(19, 'd15b73', 5, '2024-11-21 18:48:32'),
(20, 'e59d6d', 9, '2024-11-26 18:37:10'),
(21, '702520', 1, '2024-09-03 01:39:48'),
(22, '6f483a', 1, '2024-09-03 01:40:56'),
(23, 'c05432', 1, '2024-09-03 01:42:56'),
(24, 'c55834', 1, '2024-09-03 01:43:07'),
(25, 'b24727', 1, '2024-09-03 01:43:42'),
(26, '9c4141', 1, '2024-09-03 01:44:53'),
(27, 'bd604b', 1, '2024-09-03 01:45:07'),
(28, 'c5654d', 1, '2024-09-03 01:45:32'),
(29, '822825', 1, '2024-09-03 01:46:03'),
(30, 'd78269', 1, '2024-09-03 01:46:27'),
(31, 'ff0000', 3, '2024-09-03 15:47:29'),
(32, 'c26665', 1, '2024-09-03 15:44:05'),
(33, '67ffff', 1, '2024-09-03 15:46:44'),
(36, 'a78181', 1, '2024-09-03 15:54:17'),
(37, 'c45756', 1, '2024-09-03 16:02:27'),
(38, 'b82828', 1, '2024-09-03 18:35:32'),
(39, 'a8353a', 9, '2024-11-24 01:58:22'),
(40, 'e81045', 9, '2024-11-22 14:28:42'),
(41, 'a5524a', 1, '2024-09-25 12:45:49'),
(42, 'ad3832', 4, '2024-11-22 14:28:39'),
(44, 'cc5e58', 94, '2024-11-26 17:56:40'),
(51, 'ff90a3', 9, '2024-11-23 02:45:51'),
(68, 'cb4a54', 69, '2024-11-24 11:22:18'),
(146, 'd07965', 38, '2024-11-21 17:25:41'),
(154, 'ea3e3e', 1, '2024-11-17 16:35:11'),
(158, 'e3726a', 1, '2024-11-17 18:09:25'),
(161, 'ee8973', 7, '2024-11-21 18:22:25'),
(162, 'ff5e66', 1041, '2024-11-21 18:05:45'),
(288, 'f8f1f3', 80, '2024-11-27 00:55:10'),
(1107, 'b67162', 12, '2024-11-21 17:48:18'),
(1121, 'da7468', 7, '2024-11-21 17:25:01'),
(1168, 'f97185', 66, '2024-11-27 01:07:33'),
(1194, 'bc6e6a', 9, '2024-11-21 18:44:18'),
(1197, 'ff7c74', 24, '2024-11-27 01:00:55'),
(1396, 'c57a7e', 7, '2024-11-21 18:04:37'),
(1397, 'da745b', 7, '2024-11-23 02:45:39'),
(1399, 'ee5d62', 4, '2024-11-21 18:05:53'),
(1405, 'ed406e', 6, '2024-11-21 18:04:44'),
(1407, 'de5340', 10, '2024-11-21 18:35:35'),
(1409, 'e45a50', 2, '2024-11-21 17:50:43'),
(1453, 'da9188', 2, '2024-11-21 18:43:57'),
(1461, 'cb6775', 1, '2024-11-21 18:48:00'),
(1468, 'ce4c4e', 2, '2024-11-21 19:12:50'),
(1470, 'a05f5b', 2, '2024-11-21 19:12:56'),
(1473, '934349', 5, '2024-11-22 14:30:11'),
(1475, '973431', 5, '2024-11-22 14:30:13'),
(1477, 'aa4f53', 3, '2024-11-22 14:25:49'),
(1480, '741327', 6, '2024-11-22 14:28:22'),
(1483, 'b40f2b', 10, '2024-11-22 14:28:38'),
(1490, 'b23226', 6, '2024-11-22 14:28:43'),
(1496, 'c75471', 3, '2024-11-22 14:28:32'),
(1523, 'd581a7', 9, '2024-11-22 14:29:31'),
(1533, '9b4e49', 3, '2024-11-22 14:29:29'),
(1589, 'c55456', 10, '2024-11-26 17:56:20'),
(1592, 'c84f54', 12, '2024-11-23 02:45:45'),
(1595, 'ca5156', 9, '2024-11-23 02:45:42'),
(1646, 'd57a5f', 16, '2024-11-24 01:27:46'),
(1649, 'bd6d7a', 9, '2024-11-24 01:23:01');

-- --------------------------------------------------------

--
-- テーブルの構造 `SEARCH_COLORCODE_HISTORY`
--

CREATE TABLE `SEARCH_COLORCODE_HISTORY` (
  `ID` int(11) NOT NULL COMMENT '管理ID',
  `SEARCH_COLORCODE_ID` int(11) NOT NULL COMMENT 'カラーコード検索ID',
  `SEARCH_TIME` datetime NOT NULL DEFAULT CURRENT_TIMESTAMP COMMENT '検索日時'
) ENGINE=InnoDB DEFAULT CHARSET=utf8mb4;

--
-- テーブルのデータのダンプ `SEARCH_COLORCODE_HISTORY`
--

INSERT INTO `SEARCH_COLORCODE_HISTORY` (`ID`, `SEARCH_COLORCODE_ID`, `SEARCH_TIME`) VALUES
(1, 1, '2024-09-02 00:17:05'),
(2, 2, '2024-09-02 00:32:52'),
(3, 3, '2024-09-02 00:33:30'),
(4, 4, '2024-09-02 00:34:04'),
(5, 1, '2024-09-02 01:39:48'),
(6, 1, '2024-09-02 01:40:39'),
(7, 1, '2024-09-02 02:00:08'),
(8, 8, '2024-09-02 23:30:47'),
(9, 9, '2024-09-03 01:35:10'),
(10, 10, '2024-09-03 01:35:40'),
(11, 11, '2024-09-03 01:37:42'),
(12, 12, '2024-09-03 01:37:52'),
(13, 13, '2024-09-03 01:38:09'),
(14, 14, '2024-09-03 01:38:19'),
(15, 15, '2024-09-03 01:38:25'),
(16, 16, '2024-09-03 01:38:44'),
(17, 3, '2024-09-03 01:38:57'),
(18, 18, '2024-09-03 01:39:27'),
(19, 19, '2024-09-03 01:39:33'),
(20, 20, '2024-09-03 01:39:43'),
(21, 21, '2024-09-03 01:39:48'),
(22, 22, '2024-09-03 01:40:56'),
(23, 23, '2024-09-03 01:42:56'),
(24, 24, '2024-09-03 01:43:07'),
(25, 25, '2024-09-03 01:43:42'),
(26, 26, '2024-09-03 01:44:53'),
(27, 27, '2024-09-03 01:45:07'),
(28, 28, '2024-09-03 01:45:32'),
(29, 29, '2024-09-03 01:46:03'),
(30, 30, '2024-09-03 01:46:27'),
(31, 31, '2024-09-03 15:40:22'),
(32, 32, '2024-09-03 15:44:05'),
(33, 33, '2024-09-03 15:46:44'),
(34, 31, '2024-09-03 15:47:22'),
(35, 31, '2024-09-03 15:47:29'),
(36, 36, '2024-09-03 15:54:17'),
(37, 37, '2024-09-03 16:02:27'),
(38, 38, '2024-09-03 18:35:32'),
(39, 39, '2024-09-06 11:48:13'),
(40, 40, '2024-09-25 12:42:19'),
(41, 41, '2024-09-25 12:45:49'),
(42, 42, '2024-09-25 22:47:29'),
(43, 2, '2024-09-25 22:54:57'),
(44, 44, '2024-09-25 23:02:27'),
(45, 44, '2024-09-25 23:17:20'),
(46, 44, '2024-09-25 23:43:01'),
(47, 44, '2024-09-25 23:57:24'),
(48, 44, '2024-09-27 22:36:02'),
(49, 40, '2024-09-27 22:36:27'),
(50, 44, '2024-09-27 23:13:29'),
(51, 51, '2024-09-27 23:22:59'),
(52, 44, '2024-09-27 23:23:14'),
(53, 39, '2024-09-27 23:29:25'),
(54, 51, '2024-09-27 23:29:39'),
(55, 44, '2024-09-28 00:17:00'),
(56, 44, '2024-09-28 00:28:05'),
(57, 44, '2024-09-28 00:31:48'),
(58, 44, '2024-09-28 00:39:23'),
(59, 44, '2024-09-28 00:41:23'),
(60, 44, '2024-09-28 00:52:20'),
(61, 44, '2024-09-28 00:54:09'),
(62, 51, '2024-09-28 00:55:46'),
(63, 51, '2024-09-28 00:59:46'),
(64, 44, '2024-09-28 01:26:10'),
(65, 2, '2024-09-28 19:41:41'),
(66, 44, '2024-09-28 19:41:53'),
(67, 44, '2024-09-28 20:21:12'),
(68, 68, '2024-09-28 23:29:06'),
(69, 44, '2024-09-28 23:41:10'),
(70, 44, '2024-09-28 23:53:39'),
(71, 44, '2024-09-28 23:55:36'),
(72, 44, '2024-09-28 23:56:35'),
(73, 44, '2024-09-29 00:22:37'),
(74, 44, '2024-09-29 00:26:01'),
(75, 44, '2024-09-29 00:27:58'),
(76, 44, '2024-09-29 00:35:10'),
(77, 44, '2024-09-29 00:40:32'),
(78, 44, '2024-09-29 00:42:40'),
(79, 44, '2024-09-29 00:43:58'),
(80, 44, '2024-09-29 00:45:22'),
(81, 44, '2024-09-29 00:46:22'),
(82, 68, '2024-09-29 10:36:55'),
(83, 68, '2024-09-29 10:43:48'),
(84, 68, '2024-09-29 10:46:48'),
(85, 68, '2024-09-29 10:49:29'),
(86, 68, '2024-09-29 11:04:07'),
(87, 68, '2024-09-29 11:07:32'),
(88, 68, '2024-09-29 11:21:56'),
(89, 68, '2024-09-29 11:23:03'),
(90, 68, '2024-09-29 11:25:19'),
(91, 68, '2024-09-29 11:27:17'),
(92, 68, '2024-09-29 11:34:22'),
(93, 68, '2024-09-29 11:38:57'),
(94, 68, '2024-09-29 11:41:30'),
(95, 68, '2024-09-29 11:44:49'),
(96, 68, '2024-09-29 11:48:49'),
(97, 68, '2024-09-29 11:50:15'),
(98, 68, '2024-09-29 11:52:30'),
(99, 68, '2024-09-29 11:53:54'),
(100, 68, '2024-09-29 11:59:42'),
(101, 68, '2024-09-29 12:04:03'),
(102, 68, '2024-09-29 12:15:14'),
(103, 68, '2024-09-29 12:19:44'),
(104, 68, '2024-09-29 12:26:06'),
(105, 68, '2024-09-29 12:29:27'),
(106, 68, '2024-09-29 12:31:48'),
(107, 68, '2024-09-29 12:39:33'),
(108, 68, '2024-09-29 12:42:46'),
(109, 68, '2024-09-29 12:45:38'),
(110, 68, '2024-09-29 12:57:10'),
(111, 68, '2024-09-29 13:00:28'),
(112, 68, '2024-09-29 13:04:25'),
(113, 68, '2024-09-29 13:07:41'),
(114, 68, '2024-09-29 13:10:05'),
(115, 68, '2024-09-29 13:11:39'),
(116, 68, '2024-09-29 13:13:21'),
(117, 68, '2024-09-29 13:15:32'),
(118, 68, '2024-09-29 13:22:20'),
(119, 68, '2024-09-29 13:31:13'),
(120, 68, '2024-09-29 13:31:15'),
(121, 68, '2024-09-29 13:32:41'),
(122, 68, '2024-09-29 13:35:27'),
(123, 68, '2024-09-29 13:38:10'),
(124, 51, '2024-09-29 13:39:48'),
(125, 51, '2024-09-29 13:40:03'),
(126, 68, '2024-09-29 14:04:27'),
(127, 68, '2024-09-29 14:13:03'),
(128, 68, '2024-09-29 15:22:21'),
(129, 68, '2024-09-29 15:22:23'),
(130, 68, '2024-09-29 16:40:38'),
(131, 68, '2024-09-29 16:42:12'),
(132, 68, '2024-09-29 16:46:17'),
(133, 20, '2024-09-29 16:50:25'),
(134, 68, '2024-09-29 17:28:23'),
(135, 68, '2024-09-29 17:32:37'),
(136, 68, '2024-09-29 17:47:58'),
(137, 68, '2024-09-29 17:51:23'),
(138, 68, '2024-09-29 17:53:22'),
(139, 68, '2024-09-29 17:55:18'),
(140, 68, '2024-09-29 17:56:08'),
(141, 44, '2024-09-29 19:07:05'),
(142, 68, '2024-09-29 19:08:01'),
(143, 44, '2024-09-30 22:30:21'),
(144, 68, '2024-09-30 23:07:05'),
(145, 1, '2024-11-08 15:09:05'),
(146, 146, '2024-11-10 00:20:43'),
(147, 2, '2024-11-16 14:56:53'),
(148, 2, '2024-11-16 20:21:23'),
(149, 68, '2024-11-16 20:41:43'),
(150, 68, '2024-11-16 20:41:45'),
(151, 68, '2024-11-16 20:41:50'),
(152, 2, '2024-11-16 20:56:20'),
(153, 20, '2024-11-16 21:15:14'),
(154, 154, '2024-11-17 16:35:11'),
(155, 20, '2024-11-17 17:14:09'),
(156, 39, '2024-11-17 17:29:54'),
(157, 16, '2024-11-17 17:35:37'),
(158, 158, '2024-11-17 18:09:25'),
(159, 44, '2024-11-17 18:24:48'),
(160, 20, '2024-11-19 17:06:48'),
(161, 161, '2024-11-19 17:34:52'),
(162, 162, '2024-11-19 23:01:38'),
(163, 162, '2024-11-19 23:01:38'),
(164, 162, '2024-11-19 23:01:38'),
(165, 162, '2024-11-19 23:01:40'),
(166, 162, '2024-11-19 23:01:40'),
(167, 162, '2024-11-19 23:01:40'),
(168, 162, '2024-11-19 23:01:40'),
(169, 162, '2024-11-19 23:01:41'),
(170, 162, '2024-11-19 23:01:43'),
(171, 162, '2024-11-19 23:01:43'),
(172, 162, '2024-11-19 23:01:43'),
(173, 162, '2024-11-19 23:01:44'),
(174, 162, '2024-11-19 23:01:44'),
(175, 162, '2024-11-19 23:01:44'),
(176, 162, '2024-11-19 23:01:46'),
(177, 162, '2024-11-19 23:01:46'),
(178, 162, '2024-11-19 23:01:46'),
(179, 162, '2024-11-19 23:01:47'),
(180, 162, '2024-11-19 23:01:48'),
(181, 162, '2024-11-19 23:01:48'),
(182, 162, '2024-11-19 23:01:51'),
(183, 162, '2024-11-19 23:01:52'),
(184, 162, '2024-11-19 23:01:52'),
(185, 162, '2024-11-19 23:01:52'),
(186, 162, '2024-11-19 23:01:52'),
(187, 162, '2024-11-19 23:01:52'),
(188, 162, '2024-11-19 23:01:53'),
(189, 162, '2024-11-19 23:01:54'),
(190, 162, '2024-11-19 23:01:54'),
(191, 162, '2024-11-19 23:01:54'),
(192, 162, '2024-11-19 23:01:57'),
(193, 162, '2024-11-19 23:01:57'),
(194, 162, '2024-11-19 23:01:58'),
(195, 162, '2024-11-19 23:01:59'),
(196, 162, '2024-11-19 23:01:59'),
(197, 162, '2024-11-19 23:01:59'),
(198, 162, '2024-11-19 23:02:00'),
(199, 162, '2024-11-19 23:02:00'),
(200, 162, '2024-11-19 23:02:00'),
(201, 162, '2024-11-19 23:02:00'),
(202, 162, '2024-11-19 23:02:05'),
(203, 162, '2024-11-19 23:02:07'),
(204, 162, '2024-11-19 23:02:07'),
(205, 162, '2024-11-19 23:02:07'),
(206, 162, '2024-11-19 23:02:08'),
(207, 162, '2024-11-19 23:02:10'),
(208, 162, '2024-11-19 23:02:10'),
(209, 162, '2024-11-19 23:02:10'),
(210, 162, '2024-11-19 23:02:10'),
(211, 162, '2024-11-19 23:02:10'),
(212, 162, '2024-11-19 23:02:11'),
(213, 162, '2024-11-19 23:02:11'),
(214, 162, '2024-11-19 23:02:11'),
(215, 162, '2024-11-19 23:02:12'),
(216, 162, '2024-11-19 23:02:12'),
(217, 162, '2024-11-19 23:02:12'),
(218, 162, '2024-11-21 15:00:44'),
(219, 162, '2024-11-21 15:00:45'),
(220, 162, '2024-11-21 15:00:45'),
(221, 162, '2024-11-21 15:00:45'),
(222, 162, '2024-11-21 15:00:47'),
(223, 162, '2024-11-21 15:00:47'),
(224, 162, '2024-11-21 15:00:50'),
(225, 162, '2024-11-21 15:00:50'),
(226, 162, '2024-11-21 15:00:50'),
(227, 162, '2024-11-21 15:00:52'),
(228, 162, '2024-11-21 15:00:52'),
(229, 162, '2024-11-21 15:00:52'),
(230, 162, '2024-11-21 15:00:52'),
(231, 162, '2024-11-21 15:00:52'),
(232, 162, '2024-11-21 15:00:56'),
(233, 162, '2024-11-21 15:00:56'),
(234, 162, '2024-11-21 15:00:57'),
(235, 162, '2024-11-21 15:00:57'),
(236, 162, '2024-11-21 15:00:57'),
(237, 162, '2024-11-21 15:00:58'),
(238, 162, '2024-11-21 15:00:59'),
(239, 162, '2024-11-21 15:00:59'),
(240, 162, '2024-11-21 15:01:01'),
(241, 162, '2024-11-21 15:01:02'),
(242, 162, '2024-11-21 15:01:02'),
(243, 162, '2024-11-21 15:01:03'),
(244, 162, '2024-11-21 15:01:03'),
(245, 162, '2024-11-21 15:01:03'),
(246, 162, '2024-11-21 15:01:04'),
(247, 162, '2024-11-21 15:01:04'),
(248, 162, '2024-11-21 15:01:04'),
(249, 162, '2024-11-21 15:01:05'),
(250, 162, '2024-11-21 15:01:05'),
(251, 162, '2024-11-21 15:01:07'),
(252, 162, '2024-11-21 15:01:08'),
(253, 162, '2024-11-21 15:01:08'),
(254, 162, '2024-11-21 15:01:08'),
(255, 162, '2024-11-21 15:01:08'),
(256, 162, '2024-11-21 15:01:09'),
(257, 162, '2024-11-21 15:01:10'),
(258, 162, '2024-11-21 15:01:11'),
(259, 162, '2024-11-21 15:01:12'),
(260, 162, '2024-11-21 15:01:12'),
(261, 162, '2024-11-21 15:01:12'),
(262, 162, '2024-11-21 15:01:12'),
(263, 162, '2024-11-21 15:01:12'),
(264, 162, '2024-11-21 15:01:12'),
(265, 162, '2024-11-21 15:01:13'),
(266, 162, '2024-11-21 15:01:14'),
(267, 162, '2024-11-21 15:01:15'),
(268, 162, '2024-11-21 15:01:15'),
(269, 162, '2024-11-21 15:01:18'),
(270, 162, '2024-11-21 15:01:19'),
(271, 162, '2024-11-21 15:01:19'),
(272, 162, '2024-11-21 15:01:20'),
(273, 162, '2024-11-21 15:01:20'),
(274, 162, '2024-11-21 15:01:20'),
(275, 162, '2024-11-21 15:01:20'),
(276, 162, '2024-11-21 15:01:20'),
(277, 162, '2024-11-21 15:01:22'),
(278, 162, '2024-11-21 15:01:22'),
(279, 162, '2024-11-21 15:01:22'),
(280, 162, '2024-11-21 15:01:23'),
(281, 162, '2024-11-21 15:01:23'),
(282, 162, '2024-11-21 15:01:24'),
(283, 162, '2024-11-21 15:01:24'),
(284, 162, '2024-11-21 15:01:24'),
(285, 162, '2024-11-21 15:01:26'),
(286, 162, '2024-11-21 15:01:27'),
(287, 162, '2024-11-21 15:01:27'),
(288, 288, '2024-11-21 15:01:28'),
(289, 288, '2024-11-21 15:01:28'),
(290, 288, '2024-11-21 15:01:28'),
(291, 288, '2024-11-21 15:01:29'),
(292, 162, '2024-11-21 15:01:29'),
(293, 288, '2024-11-21 15:01:29'),
(294, 162, '2024-11-21 15:01:30'),
(295, 162, '2024-11-21 15:01:30'),
(296, 288, '2024-11-21 15:01:30'),
(297, 162, '2024-11-21 15:01:30'),
(298, 162, '2024-11-21 15:01:30'),
(299, 162, '2024-11-21 15:01:34'),
(300, 162, '2024-11-21 15:01:34'),
(301, 162, '2024-11-21 15:01:34'),
(302, 162, '2024-11-21 15:01:35'),
(303, 162, '2024-11-21 15:01:35'),
(304, 288, '2024-11-21 15:01:37'),
(305, 162, '2024-11-21 15:01:38'),
(306, 162, '2024-11-21 15:01:39'),
(307, 288, '2024-11-21 15:01:39'),
(308, 162, '2024-11-21 15:01:39'),
(309, 162, '2024-11-21 15:01:40'),
(310, 288, '2024-11-21 15:01:40'),
(311, 288, '2024-11-21 15:01:40'),
(312, 288, '2024-11-21 15:01:41'),
(313, 288, '2024-11-21 15:01:41'),
(314, 162, '2024-11-21 15:01:42'),
(315, 162, '2024-11-21 15:01:42'),
(316, 162, '2024-11-21 15:01:42'),
(317, 288, '2024-11-21 15:01:42'),
(318, 162, '2024-11-21 15:01:43'),
(319, 288, '2024-11-21 15:01:43'),
(320, 162, '2024-11-21 15:01:44'),
(321, 162, '2024-11-21 15:01:44'),
(322, 288, '2024-11-21 15:01:44'),
(323, 162, '2024-11-21 15:01:45'),
(324, 162, '2024-11-21 15:01:45'),
(325, 162, '2024-11-21 15:01:45'),
(326, 162, '2024-11-21 15:01:46'),
(327, 162, '2024-11-21 15:01:46'),
(328, 162, '2024-11-21 15:01:47'),
(329, 162, '2024-11-21 15:01:47'),
(330, 162, '2024-11-21 15:01:48'),
(331, 162, '2024-11-21 15:01:49'),
(332, 288, '2024-11-21 15:01:50'),
(333, 288, '2024-11-21 15:01:51'),
(334, 288, '2024-11-21 15:01:51'),
(335, 162, '2024-11-21 15:01:52'),
(336, 288, '2024-11-21 15:01:52'),
(337, 288, '2024-11-21 15:01:52'),
(338, 288, '2024-11-21 15:01:52'),
(339, 162, '2024-11-21 15:01:53'),
(340, 288, '2024-11-21 15:01:54'),
(341, 162, '2024-11-21 15:01:56'),
(342, 288, '2024-11-21 15:01:58'),
(343, 288, '2024-11-21 15:01:58'),
(344, 288, '2024-11-21 15:01:59'),
(345, 162, '2024-11-21 15:02:00'),
(346, 288, '2024-11-21 15:02:02'),
(347, 162, '2024-11-21 15:02:03'),
(348, 288, '2024-11-21 15:02:06'),
(349, 162, '2024-11-21 15:02:06'),
(350, 162, '2024-11-21 15:02:07'),
(351, 162, '2024-11-21 15:02:07'),
(352, 162, '2024-11-21 15:02:08'),
(353, 288, '2024-11-21 15:02:08'),
(354, 288, '2024-11-21 15:02:10'),
(355, 162, '2024-11-21 15:02:10'),
(356, 288, '2024-11-21 15:02:10'),
(357, 162, '2024-11-21 15:02:11'),
(358, 162, '2024-11-21 15:02:11'),
(359, 288, '2024-11-21 15:02:12'),
(360, 288, '2024-11-21 15:02:13'),
(361, 162, '2024-11-21 15:02:13'),
(362, 162, '2024-11-21 15:02:13'),
(363, 162, '2024-11-21 15:02:14'),
(364, 162, '2024-11-21 15:02:14'),
(365, 288, '2024-11-21 15:02:14'),
(366, 162, '2024-11-21 15:02:14'),
(367, 288, '2024-11-21 15:02:15'),
(368, 288, '2024-11-21 15:02:15'),
(369, 162, '2024-11-21 15:02:16'),
(370, 162, '2024-11-21 15:02:17'),
(371, 162, '2024-11-21 15:02:17'),
(372, 162, '2024-11-21 15:02:18'),
(373, 162, '2024-11-21 15:02:18'),
(374, 162, '2024-11-21 15:02:18'),
(375, 288, '2024-11-21 15:02:18'),
(376, 162, '2024-11-21 15:02:19'),
(377, 162, '2024-11-21 15:02:19'),
(378, 162, '2024-11-21 15:02:19'),
(379, 162, '2024-11-21 15:02:19'),
(380, 162, '2024-11-21 15:02:19'),
(381, 288, '2024-11-21 15:02:21'),
(382, 162, '2024-11-21 15:02:21'),
(383, 162, '2024-11-21 15:02:21'),
(384, 288, '2024-11-21 15:02:21'),
(385, 162, '2024-11-21 15:02:21'),
(386, 288, '2024-11-21 15:02:22'),
(387, 162, '2024-11-21 15:02:22'),
(388, 288, '2024-11-21 15:02:23'),
(389, 288, '2024-11-21 15:02:23'),
(390, 288, '2024-11-21 15:02:25'),
(391, 288, '2024-11-21 15:02:25'),
(392, 162, '2024-11-21 15:02:27'),
(393, 288, '2024-11-21 15:02:28'),
(394, 162, '2024-11-21 15:02:28'),
(395, 288, '2024-11-21 15:02:28'),
(396, 288, '2024-11-21 15:02:29'),
(397, 162, '2024-11-21 15:02:29'),
(398, 288, '2024-11-21 15:02:30'),
(399, 162, '2024-11-21 15:02:30'),
(400, 162, '2024-11-21 15:02:31'),
(401, 162, '2024-11-21 15:02:31'),
(402, 288, '2024-11-21 15:02:32'),
(403, 162, '2024-11-21 15:02:32'),
(404, 162, '2024-11-21 15:02:33'),
(405, 288, '2024-11-21 15:02:33'),
(406, 162, '2024-11-21 15:02:34'),
(407, 162, '2024-11-21 15:02:36'),
(408, 162, '2024-11-21 15:02:38'),
(409, 288, '2024-11-21 15:02:39'),
(410, 162, '2024-11-21 15:02:40'),
(411, 162, '2024-11-21 15:02:40'),
(412, 162, '2024-11-21 15:02:41'),
(413, 288, '2024-11-21 15:02:44'),
(414, 162, '2024-11-21 15:02:45'),
(415, 288, '2024-11-21 15:02:45'),
(416, 162, '2024-11-21 15:02:46'),
(417, 288, '2024-11-21 15:02:49'),
(418, 288, '2024-11-21 15:02:49'),
(419, 162, '2024-11-21 15:02:51'),
(420, 288, '2024-11-21 15:02:51'),
(421, 288, '2024-11-21 15:02:51'),
(422, 162, '2024-11-21 15:02:52'),
(423, 162, '2024-11-21 15:02:52'),
(424, 162, '2024-11-21 15:02:53'),
(425, 288, '2024-11-21 15:02:53'),
(426, 162, '2024-11-21 15:02:53'),
(427, 162, '2024-11-21 15:02:54'),
(428, 162, '2024-11-21 15:02:54'),
(429, 162, '2024-11-21 15:02:55'),
(430, 162, '2024-11-21 15:02:55'),
(431, 162, '2024-11-21 15:02:55'),
(432, 162, '2024-11-21 15:02:56'),
(433, 162, '2024-11-21 15:02:57'),
(434, 162, '2024-11-21 15:02:57'),
(435, 162, '2024-11-21 15:02:58'),
(436, 288, '2024-11-21 15:02:59'),
(437, 288, '2024-11-21 15:02:59'),
(438, 288, '2024-11-21 15:03:00'),
(439, 162, '2024-11-21 15:03:00'),
(440, 162, '2024-11-21 15:03:01'),
(441, 162, '2024-11-21 15:03:01'),
(442, 162, '2024-11-21 15:03:02'),
(443, 288, '2024-11-21 15:03:04'),
(444, 288, '2024-11-21 15:03:06'),
(445, 162, '2024-11-21 15:03:09'),
(446, 162, '2024-11-21 15:03:10'),
(447, 288, '2024-11-21 15:03:11'),
(448, 288, '2024-11-21 15:03:13'),
(449, 162, '2024-11-21 15:03:15'),
(450, 162, '2024-11-21 15:03:15'),
(451, 162, '2024-11-21 15:03:18'),
(452, 162, '2024-11-21 15:03:20'),
(453, 162, '2024-11-21 15:03:20'),
(454, 162, '2024-11-21 15:03:20'),
(455, 162, '2024-11-21 15:03:22'),
(456, 162, '2024-11-21 15:03:22'),
(457, 162, '2024-11-21 15:03:22'),
(458, 288, '2024-11-21 15:03:24'),
(459, 162, '2024-11-21 15:03:24'),
(460, 162, '2024-11-21 15:03:25'),
(461, 162, '2024-11-21 15:03:25'),
(462, 162, '2024-11-21 15:03:25'),
(463, 162, '2024-11-21 15:03:26'),
(464, 162, '2024-11-21 15:03:26'),
(465, 288, '2024-11-21 15:03:26'),
(466, 162, '2024-11-21 15:03:27'),
(467, 288, '2024-11-21 15:03:28'),
(468, 288, '2024-11-21 15:03:28'),
(469, 162, '2024-11-21 15:03:30'),
(470, 162, '2024-11-21 15:03:30'),
(471, 162, '2024-11-21 15:03:31'),
(472, 162, '2024-11-21 15:03:32'),
(473, 162, '2024-11-21 15:03:32'),
(474, 162, '2024-11-21 15:03:33'),
(475, 288, '2024-11-21 15:03:33'),
(476, 162, '2024-11-21 15:03:33'),
(477, 288, '2024-11-21 15:03:33'),
(478, 162, '2024-11-21 15:03:34'),
(479, 162, '2024-11-21 15:03:34'),
(480, 162, '2024-11-21 15:03:34'),
(481, 162, '2024-11-21 15:03:34'),
(482, 162, '2024-11-21 15:03:35'),
(483, 162, '2024-11-21 15:03:35'),
(484, 162, '2024-11-21 15:03:35'),
(485, 162, '2024-11-21 15:03:35'),
(486, 162, '2024-11-21 15:03:35'),
(487, 162, '2024-11-21 15:03:36'),
(488, 162, '2024-11-21 15:03:36'),
(489, 162, '2024-11-21 15:03:36'),
(490, 162, '2024-11-21 15:03:37'),
(491, 162, '2024-11-21 15:03:37'),
(492, 162, '2024-11-21 15:03:38'),
(493, 162, '2024-11-21 15:03:39'),
(494, 162, '2024-11-21 15:03:40'),
(495, 162, '2024-11-21 15:03:40'),
(496, 162, '2024-11-21 15:03:42'),
(497, 162, '2024-11-21 15:03:43'),
(498, 162, '2024-11-21 15:03:44'),
(499, 162, '2024-11-21 15:03:44'),
(500, 162, '2024-11-21 15:03:45'),
(501, 162, '2024-11-21 15:03:46'),
(502, 162, '2024-11-21 15:03:46'),
(503, 162, '2024-11-21 15:03:47'),
(504, 162, '2024-11-21 15:03:48'),
(505, 162, '2024-11-21 15:03:50'),
(506, 162, '2024-11-21 15:03:50'),
(507, 162, '2024-11-21 15:03:52'),
(508, 162, '2024-11-21 15:03:58'),
(509, 162, '2024-11-21 15:04:00'),
(510, 162, '2024-11-21 15:04:00'),
(511, 162, '2024-11-21 15:04:01'),
(512, 162, '2024-11-21 15:04:02'),
(513, 162, '2024-11-21 15:04:02'),
(514, 162, '2024-11-21 15:04:03'),
(515, 162, '2024-11-21 15:04:05'),
(516, 162, '2024-11-21 15:04:07'),
(517, 162, '2024-11-21 15:04:08'),
(518, 162, '2024-11-21 15:04:09'),
(519, 162, '2024-11-21 15:04:10'),
(520, 162, '2024-11-21 15:04:11'),
(521, 162, '2024-11-21 15:04:13'),
(522, 162, '2024-11-21 15:04:13'),
(523, 162, '2024-11-21 15:04:13'),
(524, 162, '2024-11-21 15:04:14'),
(525, 162, '2024-11-21 15:04:14'),
(526, 162, '2024-11-21 15:04:16'),
(527, 162, '2024-11-21 15:04:17'),
(528, 162, '2024-11-21 15:04:17'),
(529, 162, '2024-11-21 15:04:19'),
(530, 162, '2024-11-21 15:04:22'),
(531, 162, '2024-11-21 15:04:22'),
(532, 162, '2024-11-21 15:04:22'),
(533, 162, '2024-11-21 15:04:26'),
(534, 162, '2024-11-21 15:04:26'),
(535, 162, '2024-11-21 15:04:26'),
(536, 162, '2024-11-21 15:04:27'),
(537, 162, '2024-11-21 15:04:29'),
(538, 162, '2024-11-21 15:04:30'),
(539, 162, '2024-11-21 15:04:31'),
(540, 162, '2024-11-21 15:04:32'),
(541, 162, '2024-11-21 15:04:33'),
(542, 162, '2024-11-21 15:04:33'),
(543, 162, '2024-11-21 15:04:34'),
(544, 162, '2024-11-21 15:04:34'),
(545, 162, '2024-11-21 15:04:35'),
(546, 162, '2024-11-21 15:04:35'),
(547, 162, '2024-11-21 15:04:37'),
(548, 162, '2024-11-21 15:04:37'),
(549, 162, '2024-11-21 15:04:37'),
(550, 162, '2024-11-21 15:04:39'),
(551, 162, '2024-11-21 15:04:39'),
(552, 162, '2024-11-21 15:04:39'),
(553, 162, '2024-11-21 15:04:42'),
(554, 162, '2024-11-21 15:04:43'),
(555, 162, '2024-11-21 15:04:43'),
(556, 162, '2024-11-21 15:04:45'),
(557, 162, '2024-11-21 15:04:46'),
(558, 162, '2024-11-21 15:04:46'),
(559, 162, '2024-11-21 15:04:46'),
(560, 162, '2024-11-21 15:04:47'),
(561, 162, '2024-11-21 15:04:47'),
(562, 162, '2024-11-21 15:04:47'),
(563, 162, '2024-11-21 15:04:49'),
(564, 162, '2024-11-21 15:04:49'),
(565, 162, '2024-11-21 15:04:51'),
(566, 162, '2024-11-21 15:04:52'),
(567, 162, '2024-11-21 15:04:52'),
(568, 162, '2024-11-21 15:04:52'),
(569, 162, '2024-11-21 15:04:53'),
(570, 162, '2024-11-21 15:04:54'),
(571, 162, '2024-11-21 15:04:56'),
(572, 162, '2024-11-21 15:04:56'),
(573, 162, '2024-11-21 15:04:58'),
(574, 162, '2024-11-21 15:04:58'),
(575, 162, '2024-11-21 15:04:58'),
(576, 162, '2024-11-21 15:04:58'),
(577, 162, '2024-11-21 15:05:01'),
(578, 162, '2024-11-21 15:05:02'),
(579, 162, '2024-11-21 15:05:02'),
(580, 162, '2024-11-21 15:05:03'),
(581, 162, '2024-11-21 15:05:05'),
(582, 162, '2024-11-21 15:05:08'),
(583, 162, '2024-11-21 15:05:09'),
(584, 162, '2024-11-21 15:05:09'),
(585, 162, '2024-11-21 15:05:12'),
(586, 162, '2024-11-21 15:05:13'),
(587, 162, '2024-11-21 15:05:13'),
(588, 162, '2024-11-21 15:05:14'),
(589, 162, '2024-11-21 15:05:15'),
(590, 162, '2024-11-21 15:05:15'),
(591, 162, '2024-11-21 15:05:16'),
(592, 162, '2024-11-21 15:05:16'),
(593, 162, '2024-11-21 15:05:18'),
(594, 162, '2024-11-21 15:05:19'),
(595, 162, '2024-11-21 15:05:20'),
(596, 162, '2024-11-21 15:05:24'),
(597, 162, '2024-11-21 15:05:24'),
(598, 162, '2024-11-21 15:05:25'),
(599, 162, '2024-11-21 15:05:28'),
(600, 162, '2024-11-21 15:05:28'),
(601, 162, '2024-11-21 15:05:30'),
(602, 162, '2024-11-21 15:05:31'),
(603, 162, '2024-11-21 15:05:31'),
(604, 162, '2024-11-21 15:05:32'),
(605, 162, '2024-11-21 15:05:33'),
(606, 162, '2024-11-21 15:05:33'),
(607, 162, '2024-11-21 15:05:33'),
(608, 162, '2024-11-21 15:05:34'),
(609, 162, '2024-11-21 15:05:35'),
(610, 162, '2024-11-21 15:05:37'),
(611, 162, '2024-11-21 15:05:37'),
(612, 162, '2024-11-21 15:05:38'),
(613, 162, '2024-11-21 15:05:38'),
(614, 162, '2024-11-21 15:05:39'),
(615, 162, '2024-11-21 15:05:41'),
(616, 162, '2024-11-21 15:05:41'),
(617, 162, '2024-11-21 15:05:43'),
(618, 162, '2024-11-21 15:05:44'),
(619, 162, '2024-11-21 15:05:45'),
(620, 162, '2024-11-21 15:05:46'),
(621, 162, '2024-11-21 15:05:47'),
(622, 162, '2024-11-21 15:05:49'),
(623, 162, '2024-11-21 15:05:51'),
(624, 162, '2024-11-21 15:05:51'),
(625, 162, '2024-11-21 15:05:51'),
(626, 162, '2024-11-21 15:05:51'),
(627, 162, '2024-11-21 15:05:51'),
(628, 162, '2024-11-21 15:05:53'),
(629, 162, '2024-11-21 15:05:53'),
(630, 162, '2024-11-21 15:05:54'),
(631, 162, '2024-11-21 15:05:54'),
(632, 162, '2024-11-21 15:05:55'),
(633, 162, '2024-11-21 15:05:56'),
(634, 162, '2024-11-21 15:05:56'),
(635, 162, '2024-11-21 15:05:57'),
(636, 162, '2024-11-21 15:05:57'),
(637, 162, '2024-11-21 15:05:59'),
(638, 162, '2024-11-21 15:05:59'),
(639, 162, '2024-11-21 15:06:00'),
(640, 162, '2024-11-21 15:06:01'),
(641, 162, '2024-11-21 15:06:02'),
(642, 162, '2024-11-21 15:06:04'),
(643, 162, '2024-11-21 15:06:10'),
(644, 162, '2024-11-21 15:06:10'),
(645, 162, '2024-11-21 15:06:11'),
(646, 162, '2024-11-21 15:06:11'),
(647, 162, '2024-11-21 15:06:12'),
(648, 162, '2024-11-21 15:06:13'),
(649, 162, '2024-11-21 15:06:14'),
(650, 162, '2024-11-21 15:06:14'),
(651, 162, '2024-11-21 15:06:15'),
(652, 162, '2024-11-21 15:06:15'),
(653, 162, '2024-11-21 15:06:16'),
(654, 162, '2024-11-21 15:06:16'),
(655, 162, '2024-11-21 15:06:17'),
(656, 162, '2024-11-21 15:06:19'),
(657, 162, '2024-11-21 15:06:20'),
(658, 162, '2024-11-21 15:06:21'),
(659, 162, '2024-11-21 15:06:22'),
(660, 162, '2024-11-21 15:06:23'),
(661, 162, '2024-11-21 15:06:23'),
(662, 162, '2024-11-21 15:06:24'),
(663, 162, '2024-11-21 15:06:24'),
(664, 162, '2024-11-21 15:06:31'),
(665, 162, '2024-11-21 15:06:32'),
(666, 162, '2024-11-21 15:06:33'),
(667, 162, '2024-11-21 15:06:34'),
(668, 162, '2024-11-21 15:06:35'),
(669, 162, '2024-11-21 15:06:36'),
(670, 162, '2024-11-21 15:06:36'),
(671, 162, '2024-11-21 15:06:37'),
(672, 162, '2024-11-21 15:06:37'),
(673, 162, '2024-11-21 15:06:37'),
(674, 162, '2024-11-21 15:06:37'),
(675, 162, '2024-11-21 15:06:39'),
(676, 162, '2024-11-21 15:06:40'),
(677, 162, '2024-11-21 15:06:40'),
(678, 162, '2024-11-21 15:06:40'),
(679, 162, '2024-11-21 15:06:41'),
(680, 162, '2024-11-21 15:06:43'),
(681, 162, '2024-11-21 15:06:46'),
(682, 162, '2024-11-21 15:06:47'),
(683, 162, '2024-11-21 15:06:47'),
(684, 162, '2024-11-21 15:06:48'),
(685, 162, '2024-11-21 15:06:48'),
(686, 162, '2024-11-21 15:06:49'),
(687, 162, '2024-11-21 15:06:52'),
(688, 162, '2024-11-21 15:06:53'),
(689, 162, '2024-11-21 15:06:53'),
(690, 162, '2024-11-21 15:06:54'),
(691, 162, '2024-11-21 15:06:55'),
(692, 162, '2024-11-21 15:06:55'),
(693, 162, '2024-11-21 15:06:56'),
(694, 162, '2024-11-21 15:06:56'),
(695, 162, '2024-11-21 15:06:58'),
(696, 162, '2024-11-21 15:07:00'),
(697, 162, '2024-11-21 15:07:00'),
(698, 162, '2024-11-21 15:07:00'),
(699, 162, '2024-11-21 15:07:01'),
(700, 162, '2024-11-21 15:07:02'),
(701, 162, '2024-11-21 15:07:02'),
(702, 162, '2024-11-21 15:07:03'),
(703, 162, '2024-11-21 15:07:03'),
(704, 162, '2024-11-21 15:07:03'),
(705, 162, '2024-11-21 15:07:04'),
(706, 162, '2024-11-21 15:07:05'),
(707, 162, '2024-11-21 15:07:06'),
(708, 162, '2024-11-21 15:07:06'),
(709, 162, '2024-11-21 15:07:06'),
(710, 162, '2024-11-21 15:07:07'),
(711, 162, '2024-11-21 15:07:07'),
(712, 162, '2024-11-21 15:07:07'),
(713, 162, '2024-11-21 15:07:08'),
(714, 162, '2024-11-21 15:07:08'),
(715, 162, '2024-11-21 15:07:09'),
(716, 162, '2024-11-21 15:07:09'),
(717, 162, '2024-11-21 15:07:09'),
(718, 162, '2024-11-21 15:07:09'),
(719, 162, '2024-11-21 15:07:09'),
(720, 162, '2024-11-21 15:07:10'),
(721, 162, '2024-11-21 15:07:10'),
(722, 162, '2024-11-21 15:07:10'),
(723, 162, '2024-11-21 15:07:11'),
(724, 162, '2024-11-21 15:07:11'),
(725, 162, '2024-11-21 15:07:12'),
(726, 162, '2024-11-21 15:07:13'),
(727, 162, '2024-11-21 15:07:13'),
(728, 162, '2024-11-21 15:07:13'),
(729, 162, '2024-11-21 15:07:14'),
(730, 162, '2024-11-21 15:07:14'),
(731, 162, '2024-11-21 15:07:14'),
(732, 162, '2024-11-21 15:07:15'),
(733, 162, '2024-11-21 15:08:54'),
(734, 162, '2024-11-21 15:08:55'),
(735, 162, '2024-11-21 15:08:56'),
(736, 162, '2024-11-21 15:08:56'),
(737, 162, '2024-11-21 15:08:56'),
(738, 162, '2024-11-21 15:08:56'),
(739, 162, '2024-11-21 15:08:56'),
(740, 162, '2024-11-21 15:08:56'),
(741, 162, '2024-11-21 15:08:57'),
(742, 162, '2024-11-21 15:08:57'),
(743, 162, '2024-11-21 15:08:57'),
(744, 162, '2024-11-21 15:08:58'),
(745, 162, '2024-11-21 15:08:58'),
(746, 162, '2024-11-21 15:08:58'),
(747, 162, '2024-11-21 15:08:59'),
(748, 162, '2024-11-21 15:08:59'),
(749, 162, '2024-11-21 15:08:59'),
(750, 162, '2024-11-21 15:08:59'),
(751, 162, '2024-11-21 15:08:59'),
(752, 162, '2024-11-21 15:09:01'),
(753, 162, '2024-11-21 15:09:01'),
(754, 162, '2024-11-21 15:09:02'),
(755, 162, '2024-11-21 15:09:02'),
(756, 162, '2024-11-21 15:09:02'),
(757, 162, '2024-11-21 15:09:02'),
(758, 162, '2024-11-21 15:09:03'),
(759, 162, '2024-11-21 15:09:03'),
(760, 162, '2024-11-21 15:09:03'),
(761, 162, '2024-11-21 15:09:03'),
(762, 162, '2024-11-21 15:09:04'),
(763, 162, '2024-11-21 15:09:04'),
(764, 162, '2024-11-21 15:09:04'),
(765, 162, '2024-11-21 15:09:05'),
(766, 162, '2024-11-21 15:09:05'),
(767, 162, '2024-11-21 15:09:06'),
(768, 162, '2024-11-21 15:09:06'),
(769, 162, '2024-11-21 15:09:06'),
(770, 162, '2024-11-21 15:09:06'),
(771, 162, '2024-11-21 15:09:06'),
(772, 162, '2024-11-21 15:09:08'),
(773, 162, '2024-11-21 15:09:08'),
(774, 162, '2024-11-21 15:09:08'),
(775, 162, '2024-11-21 15:09:08'),
(776, 162, '2024-11-21 15:09:09'),
(777, 162, '2024-11-21 15:09:09'),
(778, 162, '2024-11-21 15:09:10'),
(779, 162, '2024-11-21 15:09:10'),
(780, 162, '2024-11-21 15:09:10'),
(781, 162, '2024-11-21 15:09:10'),
(782, 162, '2024-11-21 15:09:10'),
(783, 162, '2024-11-21 15:09:11'),
(784, 162, '2024-11-21 15:09:11'),
(785, 162, '2024-11-21 15:09:12'),
(786, 162, '2024-11-21 15:09:12'),
(787, 162, '2024-11-21 15:09:12'),
(788, 162, '2024-11-21 15:09:13'),
(789, 162, '2024-11-21 15:09:13'),
(790, 162, '2024-11-21 15:09:13'),
(791, 162, '2024-11-21 15:09:14'),
(792, 162, '2024-11-21 15:09:14'),
(793, 162, '2024-11-21 15:09:15'),
(794, 162, '2024-11-21 15:09:15'),
(795, 162, '2024-11-21 15:09:15'),
(796, 162, '2024-11-21 15:09:16'),
(797, 162, '2024-11-21 15:09:16'),
(798, 162, '2024-11-21 15:09:16'),
(799, 162, '2024-11-21 15:09:16'),
(800, 162, '2024-11-21 15:09:16'),
(801, 162, '2024-11-21 15:09:17'),
(802, 162, '2024-11-21 15:09:17'),
(803, 162, '2024-11-21 15:09:17'),
(804, 162, '2024-11-21 15:09:18'),
(805, 162, '2024-11-21 15:09:18'),
(806, 162, '2024-11-21 15:09:18'),
(807, 162, '2024-11-21 15:09:19'),
(808, 162, '2024-11-21 15:09:19'),
(809, 162, '2024-11-21 15:09:20'),
(810, 162, '2024-11-21 15:09:20'),
(811, 162, '2024-11-21 15:09:20'),
(812, 162, '2024-11-21 15:09:21'),
(813, 162, '2024-11-21 15:09:21'),
(814, 162, '2024-11-21 15:09:22'),
(815, 162, '2024-11-21 15:09:22'),
(816, 162, '2024-11-21 15:09:22'),
(817, 162, '2024-11-21 15:09:23'),
(818, 162, '2024-11-21 15:09:23'),
(819, 162, '2024-11-21 15:09:23'),
(820, 162, '2024-11-21 15:09:23'),
(821, 162, '2024-11-21 15:09:23'),
(822, 162, '2024-11-21 15:09:24'),
(823, 162, '2024-11-21 15:09:24'),
(824, 162, '2024-11-21 15:09:25'),
(825, 162, '2024-11-21 15:09:25'),
(826, 162, '2024-11-21 15:09:25'),
(827, 162, '2024-11-21 15:09:25'),
(828, 162, '2024-11-21 15:09:25'),
(829, 162, '2024-11-21 15:09:26'),
(830, 162, '2024-11-21 15:09:26'),
(831, 162, '2024-11-21 15:09:26'),
(832, 162, '2024-11-21 15:09:29'),
(833, 162, '2024-11-21 15:09:29'),
(834, 162, '2024-11-21 15:09:29'),
(835, 162, '2024-11-21 15:09:29'),
(836, 162, '2024-11-21 15:09:30'),
(837, 162, '2024-11-21 15:09:30'),
(838, 162, '2024-11-21 15:09:30'),
(839, 162, '2024-11-21 15:09:30'),
(840, 162, '2024-11-21 15:09:31'),
(841, 162, '2024-11-21 15:09:31'),
(842, 162, '2024-11-21 15:09:32'),
(843, 162, '2024-11-21 15:09:32'),
(844, 162, '2024-11-21 15:09:32'),
(845, 162, '2024-11-21 15:09:32'),
(846, 162, '2024-11-21 15:09:32'),
(847, 162, '2024-11-21 15:09:33'),
(848, 162, '2024-11-21 15:09:33'),
(849, 162, '2024-11-21 15:09:33'),
(850, 162, '2024-11-21 15:09:34'),
(851, 162, '2024-11-21 15:09:34'),
(852, 162, '2024-11-21 15:09:34'),
(853, 162, '2024-11-21 15:09:35'),
(854, 162, '2024-11-21 15:09:35'),
(855, 162, '2024-11-21 15:09:37'),
(856, 162, '2024-11-21 15:09:38'),
(857, 162, '2024-11-21 15:09:38'),
(858, 162, '2024-11-21 15:09:38'),
(859, 162, '2024-11-21 15:09:38'),
(860, 162, '2024-11-21 15:09:38'),
(861, 162, '2024-11-21 15:09:38'),
(862, 162, '2024-11-21 15:09:39'),
(863, 162, '2024-11-21 15:09:39'),
(864, 162, '2024-11-21 15:09:39'),
(865, 162, '2024-11-21 15:09:39'),
(866, 162, '2024-11-21 15:09:40'),
(867, 162, '2024-11-21 15:09:40'),
(868, 162, '2024-11-21 15:09:40'),
(869, 162, '2024-11-21 15:09:41'),
(870, 162, '2024-11-21 15:09:41'),
(871, 162, '2024-11-21 15:09:41'),
(872, 162, '2024-11-21 15:09:41'),
(873, 162, '2024-11-21 15:09:42'),
(874, 162, '2024-11-21 15:09:42'),
(875, 162, '2024-11-21 15:09:43'),
(876, 162, '2024-11-21 15:09:43'),
(877, 162, '2024-11-21 15:09:43'),
(878, 162, '2024-11-21 15:09:43'),
(879, 162, '2024-11-21 15:09:43'),
(880, 162, '2024-11-21 15:09:44'),
(881, 162, '2024-11-21 15:09:44'),
(882, 162, '2024-11-21 15:09:44'),
(883, 162, '2024-11-21 15:09:44'),
(884, 162, '2024-11-21 15:09:45'),
(885, 162, '2024-11-21 15:09:45'),
(886, 162, '2024-11-21 15:09:45'),
(887, 162, '2024-11-21 15:09:45'),
(888, 162, '2024-11-21 15:09:46'),
(889, 162, '2024-11-21 15:09:46'),
(890, 162, '2024-11-21 15:09:46'),
(891, 162, '2024-11-21 15:09:46'),
(892, 162, '2024-11-21 15:09:47'),
(893, 162, '2024-11-21 15:09:47'),
(894, 162, '2024-11-21 15:09:47'),
(895, 162, '2024-11-21 15:09:47'),
(896, 162, '2024-11-21 15:09:48'),
(897, 162, '2024-11-21 15:09:48'),
(898, 162, '2024-11-21 15:09:48'),
(899, 162, '2024-11-21 15:09:48'),
(900, 162, '2024-11-21 15:09:49'),
(901, 162, '2024-11-21 15:09:49'),
(902, 162, '2024-11-21 15:09:49'),
(903, 162, '2024-11-21 15:09:49'),
(904, 162, '2024-11-21 15:09:50'),
(905, 162, '2024-11-21 15:09:50'),
(906, 162, '2024-11-21 15:09:51'),
(907, 162, '2024-11-21 15:09:51'),
(908, 162, '2024-11-21 15:09:51'),
(909, 162, '2024-11-21 15:09:51'),
(910, 162, '2024-11-21 15:09:51'),
(911, 162, '2024-11-21 15:09:52'),
(912, 162, '2024-11-21 15:09:52'),
(913, 162, '2024-11-21 15:09:53'),
(914, 162, '2024-11-21 15:09:53'),
(915, 162, '2024-11-21 15:09:53'),
(916, 162, '2024-11-21 15:09:53'),
(917, 162, '2024-11-21 15:09:54'),
(918, 162, '2024-11-21 15:09:54'),
(919, 162, '2024-11-21 15:09:54'),
(920, 162, '2024-11-21 15:09:55'),
(921, 162, '2024-11-21 15:09:55'),
(922, 162, '2024-11-21 15:09:55'),
(923, 162, '2024-11-21 15:09:55'),
(924, 162, '2024-11-21 15:09:56'),
(925, 162, '2024-11-21 15:09:56'),
(926, 162, '2024-11-21 15:09:56'),
(927, 162, '2024-11-21 15:09:57'),
(928, 162, '2024-11-21 15:09:57'),
(929, 162, '2024-11-21 15:09:57'),
(930, 162, '2024-11-21 15:09:58'),
(931, 162, '2024-11-21 15:09:58'),
(932, 162, '2024-11-21 15:09:58'),
(933, 162, '2024-11-21 15:09:59'),
(934, 162, '2024-11-21 15:09:59'),
(935, 162, '2024-11-21 15:09:59'),
(936, 162, '2024-11-21 15:10:00'),
(937, 162, '2024-11-21 15:10:00'),
(938, 162, '2024-11-21 15:10:00'),
(939, 162, '2024-11-21 15:10:00'),
(940, 162, '2024-11-21 15:10:01'),
(941, 162, '2024-11-21 15:10:01'),
(942, 162, '2024-11-21 15:10:01'),
(943, 162, '2024-11-21 15:10:02'),
(944, 162, '2024-11-21 15:10:02'),
(945, 162, '2024-11-21 15:10:03'),
(946, 162, '2024-11-21 15:10:03'),
(947, 162, '2024-11-21 15:10:04'),
(948, 162, '2024-11-21 15:10:05'),
(949, 162, '2024-11-21 15:10:05'),
(950, 162, '2024-11-21 15:10:05'),
(951, 162, '2024-11-21 15:10:05'),
(952, 162, '2024-11-21 15:10:06'),
(953, 162, '2024-11-21 15:10:06'),
(954, 162, '2024-11-21 15:10:06'),
(955, 162, '2024-11-21 15:10:07'),
(956, 162, '2024-11-21 15:10:07'),
(957, 162, '2024-11-21 15:10:07'),
(958, 162, '2024-11-21 15:10:07'),
(959, 162, '2024-11-21 15:10:08'),
(960, 162, '2024-11-21 15:10:08'),
(961, 162, '2024-11-21 15:10:09'),
(962, 162, '2024-11-21 15:10:09'),
(963, 162, '2024-11-21 15:10:09'),
(964, 162, '2024-11-21 15:10:09'),
(965, 162, '2024-11-21 15:10:09'),
(966, 162, '2024-11-21 15:10:10'),
(967, 162, '2024-11-21 15:10:10'),
(968, 162, '2024-11-21 15:10:11'),
(969, 162, '2024-11-21 15:10:11'),
(970, 162, '2024-11-21 15:10:11'),
(971, 162, '2024-11-21 15:10:11'),
(972, 162, '2024-11-21 15:10:12'),
(973, 162, '2024-11-21 15:10:12'),
(974, 162, '2024-11-21 15:10:12'),
(975, 162, '2024-11-21 15:10:13'),
(976, 162, '2024-11-21 15:10:13'),
(977, 162, '2024-11-21 15:10:13'),
(978, 162, '2024-11-21 15:10:14'),
(979, 162, '2024-11-21 15:10:14'),
(980, 162, '2024-11-21 15:10:14'),
(981, 162, '2024-11-21 15:10:14'),
(982, 162, '2024-11-21 15:10:15'),
(983, 162, '2024-11-21 15:10:15'),
(984, 162, '2024-11-21 15:10:15'),
(985, 162, '2024-11-21 15:10:16'),
(986, 162, '2024-11-21 15:10:17'),
(987, 162, '2024-11-21 15:10:17'),
(988, 162, '2024-11-21 15:10:17'),
(989, 162, '2024-11-21 15:10:17'),
(990, 162, '2024-11-21 15:10:17'),
(991, 162, '2024-11-21 15:10:17'),
(992, 162, '2024-11-21 15:10:18'),
(993, 162, '2024-11-21 15:10:18'),
(994, 162, '2024-11-21 15:10:18'),
(995, 162, '2024-11-21 15:10:18'),
(996, 162, '2024-11-21 15:10:19'),
(997, 162, '2024-11-21 15:10:19'),
(998, 162, '2024-11-21 15:10:19'),
(999, 162, '2024-11-21 15:10:19'),
(1000, 162, '2024-11-21 15:10:20'),
(1001, 162, '2024-11-21 15:10:20'),
(1002, 162, '2024-11-21 15:10:20'),
(1003, 162, '2024-11-21 15:10:20'),
(1004, 162, '2024-11-21 15:10:21'),
(1005, 162, '2024-11-21 15:10:21'),
(1006, 162, '2024-11-21 15:10:21'),
(1007, 162, '2024-11-21 15:10:22'),
(1008, 162, '2024-11-21 15:10:22'),
(1009, 162, '2024-11-21 15:10:22'),
(1010, 162, '2024-11-21 15:10:22'),
(1011, 162, '2024-11-21 15:10:23'),
(1012, 162, '2024-11-21 15:10:23'),
(1013, 162, '2024-11-21 15:10:23'),
(1014, 162, '2024-11-21 15:10:23'),
(1015, 162, '2024-11-21 15:10:24'),
(1016, 162, '2024-11-21 15:10:24'),
(1017, 162, '2024-11-21 15:10:24'),
(1018, 162, '2024-11-21 15:10:24'),
(1019, 162, '2024-11-21 15:10:25'),
(1020, 162, '2024-11-21 15:10:25'),
(1021, 162, '2024-11-21 15:10:25'),
(1022, 162, '2024-11-21 15:10:25'),
(1023, 162, '2024-11-21 15:10:26'),
(1024, 162, '2024-11-21 15:10:26'),
(1025, 162, '2024-11-21 15:10:26'),
(1026, 162, '2024-11-21 15:10:26'),
(1027, 162, '2024-11-21 15:10:27'),
(1028, 162, '2024-11-21 15:10:27'),
(1029, 162, '2024-11-21 15:10:28'),
(1030, 162, '2024-11-21 15:10:28'),
(1031, 162, '2024-11-21 15:10:28'),
(1032, 162, '2024-11-21 15:10:29'),
(1033, 162, '2024-11-21 15:10:29'),
(1034, 162, '2024-11-21 15:10:29'),
(1035, 162, '2024-11-21 15:10:29'),
(1036, 162, '2024-11-21 15:10:30'),
(1037, 162, '2024-11-21 15:10:30'),
(1038, 162, '2024-11-21 15:10:31'),
(1039, 162, '2024-11-21 15:10:31'),
(1040, 162, '2024-11-21 15:10:31'),
(1041, 162, '2024-11-21 15:10:31'),
(1042, 162, '2024-11-21 15:10:31'),
(1043, 162, '2024-11-21 15:10:32'),
(1044, 162, '2024-11-21 15:10:32'),
(1045, 162, '2024-11-21 15:10:32'),
(1046, 162, '2024-11-21 15:10:33'),
(1047, 162, '2024-11-21 15:10:33'),
(1048, 162, '2024-11-21 15:10:33'),
(1049, 162, '2024-11-21 15:10:34'),
(1050, 162, '2024-11-21 15:10:34'),
(1051, 162, '2024-11-21 15:10:34'),
(1052, 162, '2024-11-21 15:10:35'),
(1053, 162, '2024-11-21 15:10:35'),
(1054, 162, '2024-11-21 15:10:35'),
(1055, 162, '2024-11-21 15:10:35'),
(1056, 162, '2024-11-21 15:10:36'),
(1057, 162, '2024-11-21 15:10:36'),
(1058, 162, '2024-11-21 15:10:36'),
(1059, 162, '2024-11-21 15:10:36'),
(1060, 162, '2024-11-21 15:10:37'),
(1061, 162, '2024-11-21 15:10:37'),
(1062, 162, '2024-11-21 15:10:37'),
(1063, 162, '2024-11-21 15:10:37'),
(1064, 162, '2024-11-21 15:10:38'),
(1065, 162, '2024-11-21 15:10:38'),
(1066, 162, '2024-11-21 15:10:38'),
(1067, 162, '2024-11-21 15:10:38'),
(1068, 162, '2024-11-21 15:10:39'),
(1069, 162, '2024-11-21 15:10:39'),
(1070, 162, '2024-11-21 15:10:40'),
(1071, 162, '2024-11-21 15:10:40'),
(1072, 162, '2024-11-21 15:10:40'),
(1073, 162, '2024-11-21 15:10:40'),
(1074, 162, '2024-11-21 15:10:40'),
(1075, 162, '2024-11-21 15:10:41'),
(1076, 162, '2024-11-21 15:10:41'),
(1077, 162, '2024-11-21 15:10:41'),
(1078, 162, '2024-11-21 15:10:41'),
(1079, 162, '2024-11-21 15:10:42'),
(1080, 162, '2024-11-21 15:10:42'),
(1081, 162, '2024-11-21 15:10:42'),
(1082, 162, '2024-11-21 15:10:42'),
(1083, 162, '2024-11-21 15:10:43'),
(1084, 162, '2024-11-21 15:10:43'),
(1085, 162, '2024-11-21 15:10:43'),
(1086, 162, '2024-11-21 15:10:43'),
(1087, 162, '2024-11-21 15:10:44'),
(1088, 162, '2024-11-21 15:10:44'),
(1089, 162, '2024-11-21 15:10:44'),
(1090, 162, '2024-11-21 15:10:45'),
(1091, 162, '2024-11-21 15:10:45'),
(1092, 162, '2024-11-21 15:10:46'),
(1093, 162, '2024-11-21 15:10:46'),
(1094, 162, '2024-11-21 15:10:46'),
(1095, 162, '2024-11-21 15:10:46'),
(1096, 162, '2024-11-21 15:10:47'),
(1097, 162, '2024-11-21 15:10:47'),
(1098, 162, '2024-11-21 15:10:47'),
(1099, 162, '2024-11-21 15:10:47'),
(1100, 162, '2024-11-21 15:10:47'),
(1101, 162, '2024-11-21 15:10:48'),
(1102, 162, '2024-11-21 15:10:48'),
(1103, 162, '2024-11-21 15:10:49'),
(1104, 162, '2024-11-21 15:10:49'),
(1105, 162, '2024-11-21 17:23:31'),
(1106, 162, '2024-11-21 17:23:31'),
(1107, 1107, '2024-11-21 17:23:37'),
(1108, 1107, '2024-11-21 17:23:37'),
(1109, 1107, '2024-11-21 17:24:44'),
(1110, 1107, '2024-11-21 17:24:45'),
(1111, 1107, '2024-11-21 17:24:46'),
(1112, 1107, '2024-11-21 17:24:47'),
(1113, 1107, '2024-11-21 17:24:48'),
(1114, 1107, '2024-11-21 17:24:50'),
(1115, 1107, '2024-11-21 17:24:51'),
(1116, 1107, '2024-11-21 17:24:52'),
(1117, 161, '2024-11-21 17:24:53'),
(1118, 161, '2024-11-21 17:24:53'),
(1119, 161, '2024-11-21 17:24:54'),
(1120, 161, '2024-11-21 17:24:55'),
(1121, 1121, '2024-11-21 17:24:56'),
(1122, 1121, '2024-11-21 17:24:56'),
(1123, 1121, '2024-11-21 17:24:57'),
(1124, 1121, '2024-11-21 17:24:58'),
(1125, 1121, '2024-11-21 17:24:59'),
(1126, 1121, '2024-11-21 17:25:00'),
(1127, 1121, '2024-11-21 17:25:01'),
(1128, 162, '2024-11-21 17:25:02'),
(1129, 162, '2024-11-21 17:25:02'),
(1130, 162, '2024-11-21 17:25:03'),
(1131, 146, '2024-11-21 17:25:04'),
(1132, 146, '2024-11-21 17:25:04'),
(1133, 146, '2024-11-21 17:25:05'),
(1134, 146, '2024-11-21 17:25:06'),
(1135, 146, '2024-11-21 17:25:07'),
(1136, 146, '2024-11-21 17:25:08'),
(1137, 146, '2024-11-21 17:25:09'),
(1138, 146, '2024-11-21 17:25:10'),
(1139, 146, '2024-11-21 17:25:11'),
(1140, 146, '2024-11-21 17:25:12'),
(1141, 146, '2024-11-21 17:25:13'),
(1142, 146, '2024-11-21 17:25:14'),
(1143, 146, '2024-11-21 17:25:15'),
(1144, 146, '2024-11-21 17:25:17'),
(1145, 146, '2024-11-21 17:25:18'),
(1146, 146, '2024-11-21 17:25:19'),
(1147, 146, '2024-11-21 17:25:20'),
(1148, 146, '2024-11-21 17:25:21'),
(1149, 146, '2024-11-21 17:25:22'),
(1150, 146, '2024-11-21 17:25:23'),
(1151, 146, '2024-11-21 17:25:24'),
(1152, 146, '2024-11-21 17:25:25'),
(1153, 146, '2024-11-21 17:25:26'),
(1154, 146, '2024-11-21 17:25:27'),
(1155, 146, '2024-11-21 17:25:28'),
(1156, 146, '2024-11-21 17:25:29'),
(1157, 146, '2024-11-21 17:25:30'),
(1158, 146, '2024-11-21 17:25:31'),
(1159, 146, '2024-11-21 17:25:32'),
(1160, 146, '2024-11-21 17:25:33'),
(1161, 146, '2024-11-21 17:25:34'),
(1162, 146, '2024-11-21 17:25:36'),
(1163, 146, '2024-11-21 17:25:37'),
(1164, 146, '2024-11-21 17:25:38'),
(1165, 146, '2024-11-21 17:25:39'),
(1166, 146, '2024-11-21 17:25:40'),
(1167, 146, '2024-11-21 17:25:41'),
(1168, 1168, '2024-11-21 17:25:42'),
(1169, 1168, '2024-11-21 17:25:42'),
(1170, 1168, '2024-11-21 17:25:43'),
(1171, 1168, '2024-11-21 17:25:44'),
(1172, 1168, '2024-11-21 17:25:45'),
(1173, 1168, '2024-11-21 17:25:46'),
(1174, 1168, '2024-11-21 17:25:47'),
(1175, 1168, '2024-11-21 17:25:48'),
(1176, 1168, '2024-11-21 17:25:49'),
(1177, 1168, '2024-11-21 17:25:50'),
(1178, 1168, '2024-11-21 17:25:51'),
(1179, 1168, '2024-11-21 17:25:52'),
(1180, 1168, '2024-11-21 17:25:53'),
(1181, 1168, '2024-11-21 17:25:54'),
(1182, 1168, '2024-11-21 17:25:55'),
(1183, 1168, '2024-11-21 17:25:56'),
(1184, 1168, '2024-11-21 17:25:57'),
(1185, 1168, '2024-11-21 17:25:58'),
(1186, 1168, '2024-11-21 17:25:59'),
(1187, 1168, '2024-11-21 17:26:00'),
(1188, 1168, '2024-11-21 17:26:01'),
(1189, 1168, '2024-11-21 17:26:02'),
(1190, 1168, '2024-11-21 17:26:03'),
(1191, 162, '2024-11-21 17:30:36'),
(1192, 162, '2024-11-21 17:30:37'),
(1193, 162, '2024-11-21 17:30:38'),
(1194, 1194, '2024-11-21 17:30:57'),
(1195, 1194, '2024-11-21 17:30:58'),
(1196, 1194, '2024-11-21 17:30:59'),
(1197, 1197, '2024-11-21 17:31:00'),
(1198, 1197, '2024-11-21 17:31:00'),
(1199, 1197, '2024-11-21 17:31:01'),
(1200, 1197, '2024-11-21 17:31:02'),
(1201, 1197, '2024-11-21 17:31:03'),
(1202, 1197, '2024-11-21 17:31:04'),
(1203, 1197, '2024-11-21 17:31:05'),
(1204, 1197, '2024-11-21 17:31:06'),
(1205, 1197, '2024-11-21 17:31:07'),
(1206, 1197, '2024-11-21 17:31:08'),
(1207, 1168, '2024-11-21 17:31:09'),
(1208, 1168, '2024-11-21 17:31:09'),
(1209, 1168, '2024-11-21 17:31:10'),
(1210, 1168, '2024-11-21 17:31:11'),
(1211, 1168, '2024-11-21 17:31:12'),
(1212, 1168, '2024-11-21 17:31:13'),
(1213, 1168, '2024-11-21 17:31:14'),
(1214, 1168, '2024-11-21 17:31:15'),
(1215, 1168, '2024-11-21 17:31:16'),
(1216, 1168, '2024-11-21 17:31:17'),
(1217, 1168, '2024-11-21 17:31:19'),
(1218, 1168, '2024-11-21 17:31:20'),
(1219, 1168, '2024-11-21 17:31:21'),
(1220, 1168, '2024-11-21 17:31:22'),
(1221, 1168, '2024-11-21 17:31:23'),
(1222, 1168, '2024-11-21 17:31:24'),
(1223, 1168, '2024-11-21 17:31:25'),
(1224, 1168, '2024-11-21 17:31:26'),
(1225, 1168, '2024-11-21 17:31:27'),
(1226, 1168, '2024-11-21 17:31:28'),
(1227, 1168, '2024-11-21 17:31:29'),
(1228, 1168, '2024-11-21 17:31:30'),
(1229, 1168, '2024-11-21 17:31:31'),
(1230, 1168, '2024-11-21 17:31:32'),
(1231, 1168, '2024-11-21 17:31:33'),
(1232, 1168, '2024-11-21 17:31:34'),
(1233, 1168, '2024-11-21 17:31:35'),
(1234, 1168, '2024-11-21 17:31:36'),
(1235, 1168, '2024-11-21 17:31:37'),
(1236, 1168, '2024-11-21 17:31:38'),
(1237, 1168, '2024-11-21 17:31:39'),
(1238, 1168, '2024-11-21 17:31:40'),
(1239, 1168, '2024-11-21 17:31:41'),
(1240, 1168, '2024-11-21 17:31:42'),
(1241, 1168, '2024-11-21 17:31:43'),
(1242, 162, '2024-11-21 17:40:04'),
(1243, 162, '2024-11-21 17:40:04'),
(1244, 162, '2024-11-21 17:40:05'),
(1245, 162, '2024-11-21 17:40:06'),
(1246, 162, '2024-11-21 17:40:07'),
(1247, 162, '2024-11-21 17:40:08'),
(1248, 162, '2024-11-21 17:40:10'),
(1249, 162, '2024-11-21 17:40:11'),
(1250, 162, '2024-11-21 17:40:12'),
(1251, 162, '2024-11-21 17:40:13'),
(1252, 162, '2024-11-21 17:40:14'),
(1253, 162, '2024-11-21 17:40:15'),
(1254, 162, '2024-11-21 17:40:16'),
(1255, 162, '2024-11-21 17:40:17'),
(1256, 162, '2024-11-21 17:40:18'),
(1257, 162, '2024-11-21 17:40:19'),
(1258, 162, '2024-11-21 17:40:20'),
(1259, 162, '2024-11-21 17:40:21'),
(1260, 162, '2024-11-21 17:40:22'),
(1261, 162, '2024-11-21 17:40:23'),
(1262, 162, '2024-11-21 17:40:24'),
(1263, 162, '2024-11-21 17:40:25'),
(1264, 162, '2024-11-21 17:40:26'),
(1265, 162, '2024-11-21 17:40:27'),
(1266, 162, '2024-11-21 17:40:28'),
(1267, 162, '2024-11-21 17:40:29'),
(1268, 162, '2024-11-21 17:40:30'),
(1269, 162, '2024-11-21 17:40:31'),
(1270, 162, '2024-11-21 17:40:32'),
(1271, 162, '2024-11-21 17:40:33'),
(1272, 162, '2024-11-21 17:40:34'),
(1273, 162, '2024-11-21 17:40:35'),
(1274, 162, '2024-11-21 17:40:36'),
(1275, 162, '2024-11-21 17:40:37'),
(1276, 162, '2024-11-21 17:40:38'),
(1277, 162, '2024-11-21 17:40:39'),
(1278, 162, '2024-11-21 17:40:41'),
(1279, 162, '2024-11-21 17:40:42'),
(1280, 162, '2024-11-21 17:40:43'),
(1281, 162, '2024-11-21 17:40:44'),
(1282, 162, '2024-11-21 17:40:45'),
(1283, 162, '2024-11-21 17:40:46'),
(1284, 162, '2024-11-21 17:40:47'),
(1285, 162, '2024-11-21 17:40:48'),
(1286, 162, '2024-11-21 17:40:49'),
(1287, 162, '2024-11-21 17:40:50'),
(1288, 162, '2024-11-21 17:40:51'),
(1289, 162, '2024-11-21 17:40:52'),
(1290, 162, '2024-11-21 17:40:53'),
(1291, 162, '2024-11-21 17:40:54'),
(1292, 162, '2024-11-21 17:40:55'),
(1293, 162, '2024-11-21 17:40:56'),
(1294, 162, '2024-11-21 17:40:57'),
(1295, 162, '2024-11-21 17:40:58'),
(1296, 162, '2024-11-21 17:40:59'),
(1297, 162, '2024-11-21 17:41:00'),
(1298, 162, '2024-11-21 17:41:06'),
(1299, 162, '2024-11-21 17:41:06'),
(1300, 162, '2024-11-21 17:41:07'),
(1301, 162, '2024-11-21 17:41:08'),
(1302, 162, '2024-11-21 17:41:09'),
(1303, 162, '2024-11-21 17:41:10'),
(1304, 162, '2024-11-21 17:41:11'),
(1305, 162, '2024-11-21 17:41:12'),
(1306, 162, '2024-11-21 17:41:13'),
(1307, 162, '2024-11-21 17:41:14'),
(1308, 162, '2024-11-21 17:41:15'),
(1309, 162, '2024-11-21 17:41:16'),
(1310, 162, '2024-11-21 17:41:17'),
(1311, 162, '2024-11-21 17:41:18'),
(1312, 162, '2024-11-21 17:41:19'),
(1313, 162, '2024-11-21 17:41:20'),
(1314, 162, '2024-11-21 17:41:21'),
(1315, 162, '2024-11-21 17:41:22'),
(1316, 162, '2024-11-21 17:41:23'),
(1317, 162, '2024-11-21 17:41:24'),
(1318, 162, '2024-11-21 17:41:25'),
(1319, 162, '2024-11-21 17:41:26'),
(1320, 162, '2024-11-21 17:41:27'),
(1321, 162, '2024-11-21 17:41:28'),
(1322, 162, '2024-11-21 17:41:30'),
(1323, 162, '2024-11-21 17:41:31'),
(1324, 162, '2024-11-21 17:41:32'),
(1325, 162, '2024-11-21 17:41:33'),
(1326, 162, '2024-11-21 17:41:34'),
(1327, 162, '2024-11-21 17:41:35'),
(1328, 162, '2024-11-21 17:41:36'),
(1329, 162, '2024-11-21 17:41:38'),
(1330, 162, '2024-11-21 17:41:39'),
(1331, 162, '2024-11-21 17:41:40'),
(1332, 162, '2024-11-21 17:41:41'),
(1333, 162, '2024-11-21 17:41:42'),
(1334, 162, '2024-11-21 17:41:43'),
(1335, 162, '2024-11-21 17:41:44'),
(1336, 162, '2024-11-21 17:41:45'),
(1337, 162, '2024-11-21 17:41:46'),
(1338, 162, '2024-11-21 17:41:47'),
(1339, 162, '2024-11-21 17:41:48'),
(1340, 162, '2024-11-21 17:41:49'),
(1341, 162, '2024-11-21 17:41:50'),
(1342, 162, '2024-11-21 17:41:51'),
(1343, 162, '2024-11-21 17:41:52'),
(1344, 162, '2024-11-21 17:41:53'),
(1345, 162, '2024-11-21 17:41:54'),
(1346, 162, '2024-11-21 17:42:37'),
(1347, 162, '2024-11-21 17:42:38'),
(1348, 162, '2024-11-21 17:42:39'),
(1349, 162, '2024-11-21 17:42:40'),
(1350, 162, '2024-11-21 17:42:41'),
(1351, 162, '2024-11-21 17:42:43'),
(1352, 162, '2024-11-21 17:42:44'),
(1353, 162, '2024-11-21 17:42:45'),
(1354, 162, '2024-11-21 17:42:46'),
(1355, 162, '2024-11-21 17:42:47'),
(1356, 162, '2024-11-21 17:42:48'),
(1357, 162, '2024-11-21 17:42:49'),
(1358, 162, '2024-11-21 17:42:50'),
(1359, 162, '2024-11-21 17:42:51'),
(1360, 162, '2024-11-21 17:42:52'),
(1361, 162, '2024-11-21 17:42:53'),
(1362, 162, '2024-11-21 17:42:54'),
(1363, 162, '2024-11-21 17:43:09'),
(1364, 162, '2024-11-21 17:43:10'),
(1365, 162, '2024-11-21 17:43:11'),
(1366, 162, '2024-11-21 17:43:13'),
(1367, 162, '2024-11-21 17:43:14'),
(1368, 162, '2024-11-21 17:43:15'),
(1369, 162, '2024-11-21 17:43:18'),
(1370, 162, '2024-11-21 17:43:18'),
(1371, 162, '2024-11-21 17:43:18'),
(1372, 162, '2024-11-21 17:43:19'),
(1373, 162, '2024-11-21 17:43:20'),
(1374, 162, '2024-11-21 17:43:21'),
(1375, 162, '2024-11-21 17:43:22'),
(1376, 162, '2024-11-21 17:43:24'),
(1377, 162, '2024-11-21 17:43:25'),
(1378, 162, '2024-11-21 17:43:26'),
(1379, 162, '2024-11-21 17:43:27'),
(1380, 162, '2024-11-21 17:43:28'),
(1381, 162, '2024-11-21 17:43:29'),
(1382, 162, '2024-11-21 17:43:30'),
(1383, 162, '2024-11-21 17:43:32'),
(1384, 162, '2024-11-21 17:43:33'),
(1385, 162, '2024-11-21 17:43:34'),
(1386, 162, '2024-11-21 17:43:35'),
(1387, 162, '2024-11-21 17:43:36'),
(1388, 162, '2024-11-21 17:43:37'),
(1389, 162, '2024-11-21 17:43:38'),
(1390, 162, '2024-11-21 17:43:39'),
(1391, 162, '2024-11-21 17:43:40'),
(1392, 162, '2024-11-21 17:43:41'),
(1393, 162, '2024-11-21 17:43:42'),
(1394, 162, '2024-11-21 17:43:43'),
(1395, 162, '2024-11-21 17:43:44'),
(1396, 1396, '2024-11-21 17:47:02'),
(1397, 1397, '2024-11-21 17:47:06'),
(1398, 1397, '2024-11-21 17:47:06'),
(1399, 1399, '2024-11-21 17:47:15'),
(1400, 1399, '2024-11-21 17:47:15'),
(1401, 1107, '2024-11-21 17:48:20'),
(1402, 1107, '2024-11-21 17:48:20'),
(1403, 1396, '2024-11-21 17:48:43'),
(1404, 1396, '2024-11-21 17:48:43'),
(1405, 1405, '2024-11-21 17:49:24'),
(1406, 1405, '2024-11-21 17:49:24'),
(1407, 1407, '2024-11-21 17:50:03'),
(1408, 1407, '2024-11-21 17:50:03'),
(1409, 1409, '2024-11-21 17:50:43'),
(1410, 1409, '2024-11-21 17:50:43'),
(1411, 1407, '2024-11-21 17:51:05'),
(1412, 1407, '2024-11-21 17:51:05'),
(1413, 1405, '2024-11-21 17:51:51'),
(1414, 1405, '2024-11-21 17:51:51'),
(1415, 162, '2024-11-21 17:54:14'),
(1416, 162, '2024-11-21 17:54:14'),
(1417, 162, '2024-11-21 17:54:25'),
(1418, 162, '2024-11-21 17:54:25'),
(1419, 1407, '2024-11-21 17:55:21'),
(1420, 1407, '2024-11-21 17:55:21'),
(1421, 1396, '2024-11-21 17:56:59'),
(1422, 1396, '2024-11-21 17:56:59'),
(1423, 1197, '2024-11-21 17:57:19'),
(1424, 1197, '2024-11-21 17:57:19'),
(1425, 1396, '2024-11-21 18:04:37'),
(1426, 1396, '2024-11-21 18:04:37'),
(1427, 1405, '2024-11-21 18:04:43'),
(1428, 1405, '2024-11-21 18:04:44'),
(1429, 1407, '2024-11-21 18:04:50'),
(1430, 1407, '2024-11-21 18:04:50'),
(1431, 162, '2024-11-21 18:05:45'),
(1432, 162, '2024-11-21 18:05:45'),
(1433, 1194, '2024-11-21 18:05:48'),
(1434, 1194, '2024-11-21 18:05:48'),
(1435, 1399, '2024-11-21 18:05:53'),
(1436, 1399, '2024-11-21 18:05:53'),
(1437, 1197, '2024-11-21 18:06:25'),
(1438, 1197, '2024-11-21 18:06:25'),
(1439, 1194, '2024-11-21 18:21:26'),
(1440, 1194, '2024-11-21 18:21:26'),
(1441, 1397, '2024-11-21 18:21:52'),
(1442, 1397, '2024-11-21 18:21:52'),
(1443, 161, '2024-11-21 18:22:25'),
(1444, 161, '2024-11-21 18:22:25'),
(1445, 1168, '2024-11-21 18:22:31'),
(1446, 1168, '2024-11-21 18:22:31'),
(1447, 1197, '2024-11-21 18:24:38'),
(1448, 1197, '2024-11-21 18:24:38'),
(1449, 1407, '2024-11-21 18:35:35'),
(1450, 1407, '2024-11-21 18:35:35'),
(1451, 1168, '2024-11-21 18:43:55'),
(1452, 1168, '2024-11-21 18:43:55'),
(1453, 1453, '2024-11-21 18:43:57'),
(1454, 1453, '2024-11-21 18:43:57'),
(1455, 1197, '2024-11-21 18:44:15'),
(1456, 1197, '2024-11-21 18:44:15'),
(1457, 1194, '2024-11-21 18:44:18'),
(1458, 1194, '2024-11-21 18:44:18'),
(1459, 1168, '2024-11-21 18:44:51'),
(1460, 1168, '2024-11-21 18:44:51'),
(1461, 1461, '2024-11-21 18:48:00'),
(1462, 19, '2024-11-21 18:48:19'),
(1463, 19, '2024-11-21 18:48:19'),
(1464, 8, '2024-11-21 18:48:26'),
(1465, 8, '2024-11-21 18:48:26'),
(1466, 19, '2024-11-21 18:48:32'),
(1467, 19, '2024-11-21 18:48:32'),
(1468, 1468, '2024-11-21 19:12:50'),
(1469, 1468, '2024-11-21 19:12:50'),
(1470, 1470, '2024-11-21 19:12:56'),
(1471, 1470, '2024-11-21 19:12:56'),
(1472, 40, '2024-11-21 23:37:22'),
(1473, 1473, '2024-11-21 23:46:45'),
(1474, 1473, '2024-11-21 23:46:45'),
(1475, 1475, '2024-11-21 23:57:19'),
(1476, 1475, '2024-11-21 23:57:19'),
(1477, 1477, '2024-11-22 14:25:49'),
(1478, 1477, '2024-11-22 14:25:49'),
(1479, 1477, '2024-11-22 14:25:49'),
(1480, 1480, '2024-11-22 14:26:06'),
(1481, 1480, '2024-11-22 14:26:06'),
(1482, 1480, '2024-11-22 14:26:07'),
(1483, 1483, '2024-11-22 14:26:22'),
(1484, 1483, '2024-11-22 14:26:22'),
(1485, 1483, '2024-11-22 14:26:23'),
(1486, 1483, '2024-11-22 14:27:58'),
(1487, 1480, '2024-11-22 14:28:22'),
(1488, 1480, '2024-11-22 14:28:22'),
(1489, 1480, '2024-11-22 14:28:22'),
(1490, 1490, '2024-11-22 14:28:25'),
(1491, 1490, '2024-11-22 14:28:25'),
(1492, 1490, '2024-11-22 14:28:26'),
(1493, 44, '2024-11-22 14:28:29'),
(1494, 44, '2024-11-22 14:28:29'),
(1495, 44, '2024-11-22 14:28:29'),
(1496, 1496, '2024-11-22 14:28:31'),
(1497, 1496, '2024-11-22 14:28:31'),
(1498, 1496, '2024-11-22 14:28:32'),
(1499, 1483, '2024-11-22 14:28:32'),
(1500, 1483, '2024-11-22 14:28:32');
INSERT INTO `SEARCH_COLORCODE_HISTORY` (`ID`, `SEARCH_COLORCODE_ID`, `SEARCH_TIME`) VALUES
(1501, 1483, '2024-11-22 14:28:33'),
(1502, 68, '2024-11-22 14:28:34'),
(1503, 68, '2024-11-22 14:28:34'),
(1504, 68, '2024-11-22 14:28:34'),
(1505, 40, '2024-11-22 14:28:36'),
(1506, 40, '2024-11-22 14:28:36'),
(1507, 40, '2024-11-22 14:28:36'),
(1508, 1483, '2024-11-22 14:28:37'),
(1509, 1483, '2024-11-22 14:28:37'),
(1510, 1483, '2024-11-22 14:28:38'),
(1511, 42, '2024-11-22 14:28:39'),
(1512, 42, '2024-11-22 14:28:39'),
(1513, 42, '2024-11-22 14:28:39'),
(1514, 40, '2024-11-22 14:28:42'),
(1515, 40, '2024-11-22 14:28:42'),
(1516, 40, '2024-11-22 14:28:42'),
(1517, 1490, '2024-11-22 14:28:42'),
(1518, 1490, '2024-11-22 14:28:43'),
(1519, 1490, '2024-11-22 14:28:43'),
(1520, 44, '2024-11-22 14:28:43'),
(1521, 44, '2024-11-22 14:28:43'),
(1522, 44, '2024-11-22 14:28:44'),
(1523, 1523, '2024-11-22 14:28:45'),
(1524, 1523, '2024-11-22 14:28:45'),
(1525, 1523, '2024-11-22 14:28:46'),
(1526, 44, '2024-11-22 14:29:07'),
(1527, 44, '2024-11-22 14:29:18'),
(1528, 44, '2024-11-22 14:29:18'),
(1529, 44, '2024-11-22 14:29:18'),
(1530, 1523, '2024-11-22 14:29:24'),
(1531, 1523, '2024-11-22 14:29:24'),
(1532, 1523, '2024-11-22 14:29:24'),
(1533, 1533, '2024-11-22 14:29:29'),
(1534, 1533, '2024-11-22 14:29:29'),
(1535, 1533, '2024-11-22 14:29:29'),
(1536, 1523, '2024-11-22 14:29:31'),
(1537, 1523, '2024-11-22 14:29:31'),
(1538, 1523, '2024-11-22 14:29:31'),
(1539, 44, '2024-11-22 14:29:32'),
(1540, 44, '2024-11-22 14:29:32'),
(1541, 44, '2024-11-22 14:29:33'),
(1542, 44, '2024-11-22 14:29:48'),
(1543, 44, '2024-11-22 14:29:48'),
(1544, 44, '2024-11-22 14:29:49'),
(1545, 44, '2024-11-22 14:30:02'),
(1546, 1473, '2024-11-22 14:30:11'),
(1547, 1473, '2024-11-22 14:30:11'),
(1548, 1473, '2024-11-22 14:30:11'),
(1549, 1475, '2024-11-22 14:30:13'),
(1550, 1475, '2024-11-22 14:30:13'),
(1551, 1475, '2024-11-22 14:30:13'),
(1552, 44, '2024-11-22 14:47:36'),
(1553, 44, '2024-11-22 14:47:36'),
(1554, 44, '2024-11-22 14:47:36'),
(1555, 44, '2024-11-22 14:48:20'),
(1556, 44, '2024-11-22 14:50:25'),
(1557, 44, '2024-11-22 14:50:25'),
(1558, 44, '2024-11-22 14:50:25'),
(1559, 44, '2024-11-22 14:50:44'),
(1560, 44, '2024-11-22 14:50:44'),
(1561, 44, '2024-11-22 14:50:44'),
(1562, 44, '2024-11-22 14:50:57'),
(1563, 44, '2024-11-22 14:51:19'),
(1564, 44, '2024-11-22 14:51:19'),
(1565, 44, '2024-11-22 14:51:19'),
(1566, 44, '2024-11-22 14:51:27'),
(1567, 44, '2024-11-22 14:51:27'),
(1568, 44, '2024-11-22 14:51:27'),
(1569, 44, '2024-11-22 14:52:55'),
(1570, 44, '2024-11-22 14:52:55'),
(1571, 44, '2024-11-22 14:52:55'),
(1572, 44, '2024-11-22 14:53:17'),
(1573, 44, '2024-11-22 14:53:17'),
(1574, 44, '2024-11-22 14:53:18'),
(1575, 44, '2024-11-22 14:53:25'),
(1576, 44, '2024-11-22 14:53:25'),
(1577, 44, '2024-11-22 14:53:26'),
(1578, 44, '2024-11-22 14:53:31'),
(1579, 44, '2024-11-22 14:53:31'),
(1580, 44, '2024-11-22 14:53:32'),
(1581, 44, '2024-11-22 14:53:59'),
(1582, 44, '2024-11-22 14:53:59'),
(1583, 44, '2024-11-22 14:53:59'),
(1584, 39, '2024-11-23 02:27:05'),
(1585, 44, '2024-11-23 02:35:51'),
(1586, 44, '2024-11-23 02:38:16'),
(1587, 44, '2024-11-23 02:38:16'),
(1588, 44, '2024-11-23 02:38:17'),
(1589, 1589, '2024-11-23 02:38:23'),
(1590, 1589, '2024-11-23 02:38:23'),
(1591, 1589, '2024-11-23 02:38:24'),
(1592, 1592, '2024-11-23 02:38:56'),
(1593, 1592, '2024-11-23 02:38:56'),
(1594, 1592, '2024-11-23 02:38:56'),
(1595, 1595, '2024-11-23 02:39:02'),
(1596, 1595, '2024-11-23 02:39:02'),
(1597, 1595, '2024-11-23 02:39:02'),
(1598, 1592, '2024-11-23 02:44:31'),
(1599, 1592, '2024-11-23 02:44:31'),
(1600, 1592, '2024-11-23 02:44:31'),
(1601, 1595, '2024-11-23 02:44:42'),
(1602, 1595, '2024-11-23 02:44:42'),
(1603, 1595, '2024-11-23 02:44:42'),
(1604, 1592, '2024-11-23 02:45:34'),
(1605, 1592, '2024-11-23 02:45:34'),
(1606, 1592, '2024-11-23 02:45:34'),
(1607, 1397, '2024-11-23 02:45:39'),
(1608, 1397, '2024-11-23 02:45:39'),
(1609, 1397, '2024-11-23 02:45:39'),
(1610, 1595, '2024-11-23 02:45:41'),
(1611, 1595, '2024-11-23 02:45:42'),
(1612, 1595, '2024-11-23 02:45:42'),
(1613, 1592, '2024-11-23 02:45:44'),
(1614, 1592, '2024-11-23 02:45:45'),
(1615, 1592, '2024-11-23 02:45:45'),
(1616, 1589, '2024-11-23 02:45:47'),
(1617, 1589, '2024-11-23 02:45:47'),
(1618, 1589, '2024-11-23 02:45:47'),
(1619, 51, '2024-11-23 02:45:50'),
(1620, 51, '2024-11-23 02:45:50'),
(1621, 51, '2024-11-23 02:45:51'),
(1622, 13, '2024-11-23 02:45:54'),
(1623, 13, '2024-11-23 02:45:54'),
(1624, 13, '2024-11-23 02:45:55'),
(1625, 44, '2024-11-23 02:45:57'),
(1626, 44, '2024-11-23 02:45:57'),
(1627, 44, '2024-11-23 02:45:57'),
(1628, 16, '2024-11-23 21:50:30'),
(1629, 16, '2024-11-23 21:50:33'),
(1630, 16, '2024-11-23 21:50:34'),
(1631, 16, '2024-11-23 21:50:34'),
(1632, 16, '2024-11-23 21:50:35'),
(1633, 16, '2024-11-23 21:50:35'),
(1634, 16, '2024-11-23 21:50:35'),
(1635, 16, '2024-11-23 21:50:35'),
(1636, 16, '2024-11-23 21:50:35'),
(1637, 16, '2024-11-23 21:50:36'),
(1638, 16, '2024-11-23 21:50:36'),
(1639, 16, '2024-11-23 21:50:37'),
(1640, 16, '2024-11-23 21:50:37'),
(1641, 16, '2024-11-23 21:50:37'),
(1642, 16, '2024-11-23 21:50:37'),
(1643, 16, '2024-11-23 22:11:16'),
(1644, 16, '2024-11-23 22:11:16'),
(1645, 16, '2024-11-23 22:11:16'),
(1646, 1646, '2024-11-24 01:20:38'),
(1647, 1646, '2024-11-24 01:20:38'),
(1648, 1646, '2024-11-24 01:20:38'),
(1649, 1649, '2024-11-24 01:20:55'),
(1650, 1649, '2024-11-24 01:20:55'),
(1651, 1649, '2024-11-24 01:20:56'),
(1652, 1646, '2024-11-24 01:20:58'),
(1653, 1646, '2024-11-24 01:20:58'),
(1654, 1649, '2024-11-24 01:21:00'),
(1655, 1649, '2024-11-24 01:21:00'),
(1656, 1649, '2024-11-24 01:21:00'),
(1657, 1646, '2024-11-24 01:21:04'),
(1658, 1646, '2024-11-24 01:21:04'),
(1659, 1646, '2024-11-24 01:21:04'),
(1660, 1646, '2024-11-24 01:22:51'),
(1661, 1649, '2024-11-24 01:23:01'),
(1662, 1649, '2024-11-24 01:23:01'),
(1663, 1649, '2024-11-24 01:23:01'),
(1664, 1646, '2024-11-24 01:26:41'),
(1665, 1646, '2024-11-24 01:27:34'),
(1666, 1646, '2024-11-24 01:27:34'),
(1667, 1646, '2024-11-24 01:27:34'),
(1668, 1646, '2024-11-24 01:27:45'),
(1669, 1646, '2024-11-24 01:27:45'),
(1670, 1646, '2024-11-24 01:27:46'),
(1671, 39, '2024-11-24 01:53:01'),
(1672, 39, '2024-11-24 01:53:19'),
(1673, 39, '2024-11-24 01:53:19'),
(1674, 39, '2024-11-24 01:53:19'),
(1675, 2, '2024-11-24 01:53:26'),
(1676, 2, '2024-11-24 01:53:26'),
(1677, 2, '2024-11-24 01:53:26'),
(1678, 2, '2024-11-24 01:53:50'),
(1679, 2, '2024-11-24 01:53:50'),
(1680, 2, '2024-11-24 01:53:50'),
(1681, 2, '2024-11-24 01:54:35'),
(1682, 44, '2024-11-24 01:55:24'),
(1683, 39, '2024-11-24 01:58:22'),
(1684, 68, '2024-11-24 11:22:07'),
(1685, 68, '2024-11-24 11:22:17'),
(1686, 68, '2024-11-24 11:22:17'),
(1687, 68, '2024-11-24 11:22:18'),
(1688, 16, '2024-11-24 12:02:48'),
(1689, 16, '2024-11-24 12:03:14'),
(1690, 16, '2024-11-24 12:03:14'),
(1691, 16, '2024-11-24 12:03:14'),
(1692, 16, '2024-11-26 15:44:19'),
(1693, 16, '2024-11-26 16:14:33'),
(1694, 16, '2024-11-26 16:14:33'),
(1695, 16, '2024-11-26 16:14:34'),
(1696, 1197, '2024-11-26 17:22:42'),
(1697, 1197, '2024-11-26 17:22:42'),
(1698, 1197, '2024-11-26 17:22:43'),
(1699, 16, '2024-11-26 17:38:56'),
(1700, 16, '2024-11-26 17:38:56'),
(1701, 16, '2024-11-26 17:38:57'),
(1702, 44, '2024-11-26 17:51:44'),
(1703, 44, '2024-11-26 17:51:44'),
(1704, 44, '2024-11-26 17:51:45'),
(1705, 1589, '2024-11-26 17:51:54'),
(1706, 1589, '2024-11-26 17:51:54'),
(1707, 1589, '2024-11-26 17:51:55'),
(1708, 1589, '2024-11-26 17:56:20'),
(1709, 44, '2024-11-26 17:56:40'),
(1710, 288, '2024-11-26 18:28:23'),
(1711, 288, '2024-11-26 18:28:23'),
(1712, 288, '2024-11-26 18:28:23'),
(1713, 20, '2024-11-26 18:28:35'),
(1714, 20, '2024-11-26 18:37:10'),
(1715, 20, '2024-11-26 18:37:10'),
(1716, 20, '2024-11-26 18:37:10'),
(1717, 16, '2024-11-26 22:15:07'),
(1718, 16, '2024-11-27 00:01:19'),
(1719, 288, '2024-11-27 00:46:28'),
(1720, 288, '2024-11-27 00:46:28'),
(1721, 288, '2024-11-27 00:46:28'),
(1722, 288, '2024-11-27 00:55:00'),
(1723, 288, '2024-11-27 00:55:00'),
(1724, 288, '2024-11-27 00:55:00'),
(1725, 288, '2024-11-27 00:55:10'),
(1726, 1197, '2024-11-27 01:00:55'),
(1727, 1197, '2024-11-27 01:00:55'),
(1728, 1197, '2024-11-27 01:00:55'),
(1729, 1168, '2024-11-27 01:07:33'),
(1730, 1168, '2024-11-27 01:07:33');

-- --------------------------------------------------------

--
-- テーブルの構造 `SEARCH_LIP`
--

CREATE TABLE `SEARCH_LIP` (
  `ID` int(11) NOT NULL COMMENT '管理ID',
  `LIP_ID` int(255) NOT NULL COMMENT 'リップID',
  `COUNT` int(11) NOT NULL DEFAULT '1' COMMENT '検索回数',
  `LAST_SEARCH` datetime NOT NULL DEFAULT CURRENT_TIMESTAMP COMMENT '最終検索日時'
) ENGINE=InnoDB DEFAULT CHARSET=utf8mb4;

--
-- テーブルのデータのダンプ `SEARCH_LIP`
--

INSERT INTO `SEARCH_LIP` (`ID`, `LIP_ID`, `COUNT`, `LAST_SEARCH`) VALUES
(3, 1, 14, '2024-11-24 01:58:22'),
(6, 2, 15, '2024-11-24 01:54:35'),
(13, 19, 2, '2024-09-03 01:38:57'),
(14, 15, 3, '2024-11-21 18:48:26'),
(15, 12, 1, '2024-09-03 01:37:52'),
(16, 5, 4, '2024-11-23 02:45:55'),
(17, 10, 1, '2024-09-03 01:38:19'),
(18, 11, 1, '2024-09-03 01:38:25'),
(19, 3, 34, '2024-11-27 00:01:19'),
(21, 16, 1, '2024-09-03 01:39:27'),
(22, 13, 5, '2024-11-21 18:48:32'),
(23, 4, 10, '2024-11-26 18:37:10'),
(24, 7, 1, '2024-09-03 01:39:48'),
(26, 21, 9, '2024-11-22 14:28:42'),
(27, 14, 1, '2024-09-25 12:45:49'),
(28, 92, 1, '2024-09-25 12:45:51'),
(31, 23, 80, '2024-11-26 17:56:40'),
(37, 9, 8, '2024-11-23 02:45:51'),
(54, 22, 12, '2024-11-24 11:22:18'),
(60, 68, 38, '2024-11-21 17:25:41'),
(71, 67, 1, '2024-11-17 18:09:25'),
(74, 70, 7, '2024-11-21 18:22:25'),
(75, 65, 1039, '2024-11-21 18:05:45'),
(199, 95, 80, '2024-11-27 00:55:10'),
(1018, 74, 12, '2024-11-21 17:48:18'),
(1032, 78, 7, '2024-11-21 17:25:01'),
(1079, 73, 65, '2024-11-27 01:07:33'),
(1105, 75, 9, '2024-11-21 18:44:18'),
(1108, 76, 24, '2024-11-27 01:00:55'),
(1306, 77, 7, '2024-11-21 18:04:37'),
(1307, 72, 7, '2024-11-23 02:45:39'),
(1309, 79, 4, '2024-11-21 18:05:53'),
(1315, 84, 6, '2024-11-21 18:04:44'),
(1317, 81, 10, '2024-11-21 18:35:35'),
(1319, 80, 2, '2024-11-21 17:50:43'),
(1363, 71, 2, '2024-11-21 18:43:57'),
(1377, 185, 2, '2024-11-21 19:12:50'),
(1379, 256, 2, '2024-11-21 19:12:56'),
(1382, 25, 5, '2024-11-22 14:30:11'),
(1384, 30, 5, '2024-11-22 14:30:13'),
(1386, 37, 3, '2024-11-22 14:25:49'),
(1389, 32, 6, '2024-11-22 14:28:22'),
(1392, 29, 10, '2024-11-22 14:28:38'),
(1399, 34, 6, '2024-11-22 14:28:43'),
(1405, 33, 3, '2024-11-22 14:28:32'),
(1420, 24, 3, '2024-11-22 14:28:39'),
(1432, 28, 9, '2024-11-22 14:29:31'),
(1442, 31, 3, '2024-11-22 14:29:29'),
(1498, 8, 10, '2024-11-26 17:56:20'),
(1501, 86, 12, '2024-11-23 02:45:45'),
(1504, 236, 9, '2024-11-23 02:45:42'),
(1556, 46, 16, '2024-11-24 01:27:46'),
(1559, 47, 9, '2024-11-24 01:23:01');

-- --------------------------------------------------------

--
-- テーブルの構造 `SEARCH_LIP_HISTORY`
--

CREATE TABLE `SEARCH_LIP_HISTORY` (
  `ID` int(11) NOT NULL COMMENT '管理ID',
  `SEARCH_LIP_ID_ID` int(11) NOT NULL COMMENT 'リップ検索ID',
  `SEARCH_TIME` datetime NOT NULL DEFAULT CURRENT_TIMESTAMP COMMENT '検索日時'
) ENGINE=InnoDB DEFAULT CHARSET=utf8mb4;

--
-- テーブルのデータのダンプ `SEARCH_LIP_HISTORY`
--

INSERT INTO `SEARCH_LIP_HISTORY` (`ID`, `SEARCH_LIP_ID_ID`, `SEARCH_TIME`) VALUES
(1, 3, '2024-08-27 16:53:28'),
(2, 3, '2024-08-27 16:58:20'),
(3, 3, '2024-08-27 16:59:50'),
(4, 3, '2024-08-27 16:59:55'),
(5, 6, '2024-08-27 17:01:28'),
(6, 6, '2024-08-27 17:01:32'),
(7, 3, '2024-09-01 23:51:06'),
(8, 3, '2024-09-02 00:07:07'),
(9, 3, '2024-09-02 00:08:15'),
(10, 3, '2024-09-02 00:13:38'),
(11, 6, '2024-09-02 00:32:52'),
(12, 13, '2024-09-02 00:33:30'),
(13, 14, '2024-09-02 23:30:47'),
(14, 15, '2024-09-03 01:37:52'),
(15, 16, '2024-09-03 01:38:09'),
(16, 17, '2024-09-03 01:38:19'),
(17, 18, '2024-09-03 01:38:25'),
(18, 19, '2024-09-03 01:38:44'),
(19, 13, '2024-09-03 01:38:57'),
(20, 21, '2024-09-03 01:39:27'),
(21, 22, '2024-09-03 01:39:33'),
(22, 23, '2024-09-03 01:39:43'),
(23, 24, '2024-09-03 01:39:48'),
(24, 3, '2024-09-06 11:48:13'),
(25, 26, '2024-09-25 12:42:19'),
(26, 27, '2024-09-25 12:45:49'),
(27, 28, '2024-09-25 12:45:51'),
(28, 23, '2024-09-25 22:48:42'),
(29, 6, '2024-09-25 22:54:56'),
(30, 31, '2024-09-25 23:02:27'),
(31, 31, '2024-09-25 23:17:20'),
(32, 31, '2024-09-25 23:57:24'),
(33, 31, '2024-09-27 22:36:02'),
(34, 26, '2024-09-27 22:36:27'),
(35, 31, '2024-09-27 23:13:29'),
(36, 37, '2024-09-27 23:22:59'),
(37, 31, '2024-09-27 23:23:14'),
(38, 3, '2024-09-27 23:29:25'),
(39, 37, '2024-09-27 23:29:39'),
(40, 31, '2024-09-28 00:17:00'),
(41, 31, '2024-09-28 00:28:05'),
(42, 31, '2024-09-28 00:31:48'),
(43, 31, '2024-09-28 00:39:23'),
(44, 31, '2024-09-28 00:41:23'),
(45, 31, '2024-09-28 00:52:20'),
(46, 31, '2024-09-28 00:54:09'),
(47, 37, '2024-09-28 00:55:46'),
(48, 37, '2024-09-28 00:59:46'),
(49, 31, '2024-09-28 01:26:10'),
(50, 6, '2024-09-28 19:41:41'),
(51, 31, '2024-09-28 19:41:53'),
(52, 31, '2024-09-28 20:21:12'),
(53, 54, '2024-09-28 23:29:06'),
(54, 37, '2024-09-29 13:39:48'),
(55, 23, '2024-09-29 16:50:25'),
(56, 31, '2024-09-29 19:07:05'),
(57, 31, '2024-09-30 22:30:21'),
(58, 54, '2024-09-30 23:07:05'),
(59, 60, '2024-11-10 00:20:43'),
(60, 6, '2024-11-16 14:56:53'),
(61, 6, '2024-11-16 20:21:23'),
(62, 54, '2024-11-16 20:41:43'),
(63, 54, '2024-11-16 20:41:45'),
(64, 54, '2024-11-16 20:41:50'),
(65, 6, '2024-11-16 20:56:20'),
(66, 23, '2024-11-16 21:15:14'),
(67, 23, '2024-11-17 17:14:09'),
(68, 3, '2024-11-17 17:29:54'),
(69, 19, '2024-11-17 17:35:37'),
(70, 71, '2024-11-17 18:09:25'),
(71, 31, '2024-11-17 18:24:48'),
(72, 23, '2024-11-19 17:06:48'),
(73, 74, '2024-11-19 17:34:52'),
(74, 75, '2024-11-19 23:01:38'),
(75, 75, '2024-11-19 23:01:38'),
(76, 75, '2024-11-19 23:01:38'),
(77, 75, '2024-11-19 23:01:40'),
(78, 75, '2024-11-19 23:01:40'),
(79, 75, '2024-11-19 23:01:40'),
(80, 75, '2024-11-19 23:01:40'),
(81, 75, '2024-11-19 23:01:41'),
(82, 75, '2024-11-19 23:01:43'),
(83, 75, '2024-11-19 23:01:43'),
(84, 75, '2024-11-19 23:01:43'),
(85, 75, '2024-11-19 23:01:44'),
(86, 75, '2024-11-19 23:01:44'),
(87, 75, '2024-11-19 23:01:44'),
(88, 75, '2024-11-19 23:01:46'),
(89, 75, '2024-11-19 23:01:46'),
(90, 75, '2024-11-19 23:01:46'),
(91, 75, '2024-11-19 23:01:47'),
(92, 75, '2024-11-19 23:01:47'),
(93, 75, '2024-11-19 23:01:48'),
(94, 75, '2024-11-19 23:01:51'),
(95, 75, '2024-11-19 23:01:52'),
(96, 75, '2024-11-19 23:01:52'),
(97, 75, '2024-11-19 23:01:52'),
(98, 75, '2024-11-19 23:01:53'),
(99, 75, '2024-11-19 23:01:53'),
(100, 75, '2024-11-19 23:01:53'),
(101, 75, '2024-11-19 23:01:54'),
(102, 75, '2024-11-19 23:01:54'),
(103, 75, '2024-11-19 23:01:54'),
(104, 75, '2024-11-19 23:01:56'),
(105, 75, '2024-11-19 23:01:57'),
(106, 75, '2024-11-19 23:01:58'),
(107, 75, '2024-11-19 23:01:59'),
(108, 75, '2024-11-19 23:02:00'),
(109, 75, '2024-11-19 23:02:00'),
(110, 75, '2024-11-19 23:02:00'),
(111, 75, '2024-11-19 23:02:00'),
(112, 75, '2024-11-19 23:02:00'),
(113, 75, '2024-11-19 23:02:01'),
(114, 75, '2024-11-19 23:02:07'),
(115, 75, '2024-11-19 23:02:07'),
(116, 75, '2024-11-19 23:02:08'),
(117, 75, '2024-11-19 23:02:09'),
(118, 75, '2024-11-19 23:02:09'),
(119, 75, '2024-11-19 23:02:09'),
(120, 75, '2024-11-19 23:02:10'),
(121, 75, '2024-11-19 23:02:10'),
(122, 75, '2024-11-19 23:02:11'),
(123, 75, '2024-11-19 23:02:11'),
(124, 75, '2024-11-19 23:02:11'),
(125, 75, '2024-11-19 23:02:11'),
(126, 75, '2024-11-19 23:02:11'),
(127, 75, '2024-11-19 23:02:11'),
(128, 75, '2024-11-19 23:02:12'),
(129, 75, '2024-11-19 23:02:12'),
(130, 75, '2024-11-21 15:00:44'),
(131, 75, '2024-11-21 15:00:45'),
(132, 75, '2024-11-21 15:00:45'),
(133, 75, '2024-11-21 15:00:46'),
(134, 75, '2024-11-21 15:00:47'),
(135, 75, '2024-11-21 15:00:47'),
(136, 75, '2024-11-21 15:00:50'),
(137, 75, '2024-11-21 15:00:50'),
(138, 75, '2024-11-21 15:00:51'),
(139, 75, '2024-11-21 15:00:52'),
(140, 75, '2024-11-21 15:00:52'),
(141, 75, '2024-11-21 15:00:52'),
(142, 75, '2024-11-21 15:00:52'),
(143, 75, '2024-11-21 15:00:52'),
(144, 75, '2024-11-21 15:00:56'),
(145, 75, '2024-11-21 15:00:56'),
(146, 75, '2024-11-21 15:00:57'),
(147, 75, '2024-11-21 15:00:57'),
(148, 75, '2024-11-21 15:00:58'),
(149, 75, '2024-11-21 15:00:58'),
(150, 75, '2024-11-21 15:00:59'),
(151, 75, '2024-11-21 15:00:59'),
(152, 75, '2024-11-21 15:01:00'),
(153, 75, '2024-11-21 15:01:02'),
(154, 75, '2024-11-21 15:01:03'),
(155, 75, '2024-11-21 15:01:03'),
(156, 75, '2024-11-21 15:01:03'),
(157, 75, '2024-11-21 15:01:03'),
(158, 75, '2024-11-21 15:01:04'),
(159, 75, '2024-11-21 15:01:04'),
(160, 75, '2024-11-21 15:01:04'),
(161, 75, '2024-11-21 15:01:05'),
(162, 75, '2024-11-21 15:01:05'),
(163, 75, '2024-11-21 15:01:05'),
(164, 75, '2024-11-21 15:01:07'),
(165, 75, '2024-11-21 15:01:08'),
(166, 75, '2024-11-21 15:01:08'),
(167, 75, '2024-11-21 15:01:08'),
(168, 75, '2024-11-21 15:01:08'),
(169, 75, '2024-11-21 15:01:09'),
(170, 75, '2024-11-21 15:01:11'),
(171, 75, '2024-11-21 15:01:12'),
(172, 75, '2024-11-21 15:01:12'),
(173, 75, '2024-11-21 15:01:12'),
(174, 75, '2024-11-21 15:01:13'),
(175, 75, '2024-11-21 15:01:13'),
(176, 75, '2024-11-21 15:01:13'),
(177, 75, '2024-11-21 15:01:14'),
(178, 75, '2024-11-21 15:01:15'),
(179, 75, '2024-11-21 15:01:15'),
(180, 75, '2024-11-21 15:01:15'),
(181, 75, '2024-11-21 15:01:18'),
(182, 75, '2024-11-21 15:01:18'),
(183, 75, '2024-11-21 15:01:18'),
(184, 75, '2024-11-21 15:01:19'),
(185, 75, '2024-11-21 15:01:20'),
(186, 75, '2024-11-21 15:01:20'),
(187, 75, '2024-11-21 15:01:20'),
(188, 75, '2024-11-21 15:01:20'),
(189, 75, '2024-11-21 15:01:22'),
(190, 75, '2024-11-21 15:01:22'),
(191, 75, '2024-11-21 15:01:23'),
(192, 75, '2024-11-21 15:01:23'),
(193, 75, '2024-11-21 15:01:23'),
(194, 75, '2024-11-21 15:01:24'),
(195, 75, '2024-11-21 15:01:24'),
(196, 75, '2024-11-21 15:01:24'),
(197, 75, '2024-11-21 15:01:25'),
(198, 199, '2024-11-21 15:01:27'),
(199, 75, '2024-11-21 15:01:27'),
(200, 75, '2024-11-21 15:01:28'),
(201, 199, '2024-11-21 15:01:28'),
(202, 199, '2024-11-21 15:01:28'),
(203, 199, '2024-11-21 15:01:29'),
(204, 199, '2024-11-21 15:01:29'),
(205, 75, '2024-11-21 15:01:29'),
(206, 199, '2024-11-21 15:01:29'),
(207, 75, '2024-11-21 15:01:29'),
(208, 75, '2024-11-21 15:01:30'),
(209, 75, '2024-11-21 15:01:30'),
(210, 75, '2024-11-21 15:01:33'),
(211, 75, '2024-11-21 15:01:35'),
(212, 75, '2024-11-21 15:01:35'),
(213, 75, '2024-11-21 15:01:35'),
(214, 75, '2024-11-21 15:01:35'),
(215, 75, '2024-11-21 15:01:35'),
(216, 75, '2024-11-21 15:01:37'),
(217, 75, '2024-11-21 15:01:37'),
(218, 199, '2024-11-21 15:01:37'),
(219, 199, '2024-11-21 15:01:38'),
(220, 75, '2024-11-21 15:01:38'),
(221, 199, '2024-11-21 15:01:39'),
(222, 75, '2024-11-21 15:01:40'),
(223, 75, '2024-11-21 15:01:40'),
(224, 199, '2024-11-21 15:01:41'),
(225, 75, '2024-11-21 15:01:42'),
(226, 199, '2024-11-21 15:01:42'),
(227, 199, '2024-11-21 15:01:42'),
(228, 199, '2024-11-21 15:01:42'),
(229, 75, '2024-11-21 15:01:42'),
(230, 75, '2024-11-21 15:01:43'),
(231, 75, '2024-11-21 15:01:43'),
(232, 75, '2024-11-21 15:01:43'),
(233, 199, '2024-11-21 15:01:44'),
(234, 199, '2024-11-21 15:01:44'),
(235, 75, '2024-11-21 15:01:45'),
(236, 75, '2024-11-21 15:01:45'),
(237, 75, '2024-11-21 15:01:45'),
(238, 75, '2024-11-21 15:01:46'),
(239, 75, '2024-11-21 15:01:47'),
(240, 199, '2024-11-21 15:01:49'),
(241, 75, '2024-11-21 15:01:49'),
(242, 199, '2024-11-21 15:01:49'),
(243, 75, '2024-11-21 15:01:50'),
(244, 199, '2024-11-21 15:01:50'),
(245, 199, '2024-11-21 15:01:51'),
(246, 75, '2024-11-21 15:01:51'),
(247, 199, '2024-11-21 15:01:52'),
(248, 75, '2024-11-21 15:01:52'),
(249, 75, '2024-11-21 15:01:53'),
(250, 199, '2024-11-21 15:01:53'),
(251, 199, '2024-11-21 15:01:54'),
(252, 199, '2024-11-21 15:01:54'),
(253, 75, '2024-11-21 15:01:55'),
(254, 75, '2024-11-21 15:01:55'),
(255, 75, '2024-11-21 15:01:57'),
(256, 75, '2024-11-21 15:01:58'),
(257, 199, '2024-11-21 15:02:00'),
(258, 75, '2024-11-21 15:02:00'),
(259, 199, '2024-11-21 15:02:03'),
(260, 75, '2024-11-21 15:02:03'),
(261, 75, '2024-11-21 15:02:04'),
(262, 75, '2024-11-21 15:02:05'),
(263, 75, '2024-11-21 15:02:05'),
(264, 75, '2024-11-21 15:02:05'),
(265, 75, '2024-11-21 15:02:09'),
(266, 75, '2024-11-21 15:02:09'),
(267, 75, '2024-11-21 15:02:10'),
(268, 75, '2024-11-21 15:02:10'),
(269, 199, '2024-11-21 15:02:10'),
(270, 75, '2024-11-21 15:02:10'),
(271, 199, '2024-11-21 15:02:11'),
(272, 75, '2024-11-21 15:02:12'),
(273, 199, '2024-11-21 15:02:12'),
(274, 199, '2024-11-21 15:02:13'),
(275, 75, '2024-11-21 15:02:13'),
(276, 75, '2024-11-21 15:02:14'),
(277, 199, '2024-11-21 15:02:15'),
(278, 199, '2024-11-21 15:02:15'),
(279, 199, '2024-11-21 15:02:16'),
(280, 75, '2024-11-21 15:02:17'),
(281, 199, '2024-11-21 15:02:17'),
(282, 75, '2024-11-21 15:02:18'),
(283, 199, '2024-11-21 15:02:18'),
(284, 75, '2024-11-21 15:02:18'),
(285, 199, '2024-11-21 15:02:18'),
(286, 75, '2024-11-21 15:02:19'),
(287, 75, '2024-11-21 15:02:19'),
(288, 199, '2024-11-21 15:02:19'),
(289, 199, '2024-11-21 15:02:20'),
(290, 199, '2024-11-21 15:02:20'),
(291, 199, '2024-11-21 15:02:22'),
(292, 75, '2024-11-21 15:02:22'),
(293, 199, '2024-11-21 15:02:23'),
(294, 75, '2024-11-21 15:02:24'),
(295, 75, '2024-11-21 15:02:25'),
(296, 75, '2024-11-21 15:02:25'),
(297, 75, '2024-11-21 15:02:25'),
(298, 199, '2024-11-21 15:02:25'),
(299, 199, '2024-11-21 15:02:26'),
(300, 75, '2024-11-21 15:02:26'),
(301, 75, '2024-11-21 15:02:27'),
(302, 75, '2024-11-21 15:02:30'),
(303, 75, '2024-11-21 15:02:31'),
(304, 75, '2024-11-21 15:02:32'),
(305, 75, '2024-11-21 15:02:32'),
(306, 199, '2024-11-21 15:02:33'),
(307, 199, '2024-11-21 15:02:33'),
(308, 199, '2024-11-21 15:02:33'),
(309, 75, '2024-11-21 15:02:33'),
(310, 199, '2024-11-21 15:02:33'),
(311, 199, '2024-11-21 15:02:34'),
(312, 199, '2024-11-21 15:02:34'),
(313, 199, '2024-11-21 15:02:35'),
(314, 75, '2024-11-21 15:02:36'),
(315, 75, '2024-11-21 15:02:36'),
(316, 75, '2024-11-21 15:02:38'),
(317, 199, '2024-11-21 15:02:39'),
(318, 75, '2024-11-21 15:02:39'),
(319, 199, '2024-11-21 15:02:39'),
(320, 75, '2024-11-21 15:02:40'),
(321, 75, '2024-11-21 15:02:40'),
(322, 75, '2024-11-21 15:02:40'),
(323, 199, '2024-11-21 15:02:41'),
(324, 199, '2024-11-21 15:02:41'),
(325, 75, '2024-11-21 15:02:41'),
(326, 75, '2024-11-21 15:02:43'),
(327, 75, '2024-11-21 15:02:43'),
(328, 199, '2024-11-21 15:02:45'),
(329, 75, '2024-11-21 15:02:45'),
(330, 199, '2024-11-21 15:02:46'),
(331, 75, '2024-11-21 15:02:46'),
(332, 75, '2024-11-21 15:02:47'),
(333, 199, '2024-11-21 15:02:48'),
(334, 75, '2024-11-21 15:02:48'),
(335, 199, '2024-11-21 15:02:48'),
(336, 199, '2024-11-21 15:02:48'),
(337, 199, '2024-11-21 15:02:48'),
(338, 75, '2024-11-21 15:02:50'),
(339, 75, '2024-11-21 15:02:51'),
(340, 75, '2024-11-21 15:02:51'),
(341, 199, '2024-11-21 15:02:52'),
(342, 75, '2024-11-21 15:02:53'),
(343, 75, '2024-11-21 15:02:53'),
(344, 75, '2024-11-21 15:02:54'),
(345, 75, '2024-11-21 15:02:55'),
(346, 75, '2024-11-21 15:02:55'),
(347, 75, '2024-11-21 15:02:56'),
(348, 75, '2024-11-21 15:02:57'),
(349, 75, '2024-11-21 15:02:57'),
(350, 75, '2024-11-21 15:02:59'),
(351, 75, '2024-11-21 15:02:59'),
(352, 199, '2024-11-21 15:02:59'),
(353, 75, '2024-11-21 15:03:00'),
(354, 199, '2024-11-21 15:03:01'),
(355, 75, '2024-11-21 15:03:01'),
(356, 199, '2024-11-21 15:03:03'),
(357, 75, '2024-11-21 15:03:09'),
(358, 199, '2024-11-21 15:03:11'),
(359, 75, '2024-11-21 15:03:12'),
(360, 199, '2024-11-21 15:03:12'),
(361, 75, '2024-11-21 15:03:15'),
(362, 75, '2024-11-21 15:03:15'),
(363, 75, '2024-11-21 15:03:19'),
(364, 75, '2024-11-21 15:03:19'),
(365, 75, '2024-11-21 15:03:20'),
(366, 75, '2024-11-21 15:03:20'),
(367, 75, '2024-11-21 15:03:20'),
(368, 199, '2024-11-21 15:03:21'),
(369, 199, '2024-11-21 15:03:21'),
(370, 75, '2024-11-21 15:03:22'),
(371, 75, '2024-11-21 15:03:22'),
(372, 75, '2024-11-21 15:03:22'),
(373, 75, '2024-11-21 15:03:22'),
(374, 75, '2024-11-21 15:03:23'),
(375, 75, '2024-11-21 15:03:24'),
(376, 75, '2024-11-21 15:03:24'),
(377, 199, '2024-11-21 15:03:24'),
(378, 75, '2024-11-21 15:03:25'),
(379, 75, '2024-11-21 15:03:27'),
(380, 75, '2024-11-21 15:03:27'),
(381, 75, '2024-11-21 15:03:28'),
(382, 75, '2024-11-21 15:03:28'),
(383, 75, '2024-11-21 15:03:28'),
(384, 75, '2024-11-21 15:03:29'),
(385, 199, '2024-11-21 15:03:29'),
(386, 75, '2024-11-21 15:03:29'),
(387, 75, '2024-11-21 15:03:30'),
(388, 75, '2024-11-21 15:03:31'),
(389, 75, '2024-11-21 15:03:31'),
(390, 75, '2024-11-21 15:03:32'),
(391, 75, '2024-11-21 15:03:32'),
(392, 75, '2024-11-21 15:03:33'),
(393, 199, '2024-11-21 15:03:33'),
(394, 75, '2024-11-21 15:03:33'),
(395, 75, '2024-11-21 15:03:34'),
(396, 75, '2024-11-21 15:03:34'),
(397, 75, '2024-11-21 15:03:34'),
(398, 75, '2024-11-21 15:03:34'),
(399, 75, '2024-11-21 15:03:35'),
(400, 75, '2024-11-21 15:03:36'),
(401, 75, '2024-11-21 15:03:37'),
(402, 75, '2024-11-21 15:03:37'),
(403, 75, '2024-11-21 15:03:38'),
(404, 75, '2024-11-21 15:03:39'),
(405, 75, '2024-11-21 15:03:40'),
(406, 75, '2024-11-21 15:03:40'),
(407, 75, '2024-11-21 15:03:41'),
(408, 75, '2024-11-21 15:03:42'),
(409, 75, '2024-11-21 15:03:42'),
(410, 75, '2024-11-21 15:03:43'),
(411, 75, '2024-11-21 15:03:43'),
(412, 75, '2024-11-21 15:03:44'),
(413, 75, '2024-11-21 15:03:44'),
(414, 75, '2024-11-21 15:03:45'),
(415, 75, '2024-11-21 15:03:45'),
(416, 75, '2024-11-21 15:03:45'),
(417, 75, '2024-11-21 15:03:46'),
(418, 75, '2024-11-21 15:03:46'),
(419, 75, '2024-11-21 15:03:54'),
(420, 75, '2024-11-21 15:03:56'),
(421, 75, '2024-11-21 15:03:57'),
(422, 75, '2024-11-21 15:04:00'),
(423, 75, '2024-11-21 15:04:01'),
(424, 75, '2024-11-21 15:04:01'),
(425, 75, '2024-11-21 15:04:03'),
(426, 75, '2024-11-21 15:04:04'),
(427, 75, '2024-11-21 15:04:05'),
(428, 75, '2024-11-21 15:04:06'),
(429, 75, '2024-11-21 15:04:08'),
(430, 75, '2024-11-21 15:04:08'),
(431, 75, '2024-11-21 15:04:10'),
(432, 75, '2024-11-21 15:04:10'),
(433, 75, '2024-11-21 15:04:11'),
(434, 75, '2024-11-21 15:04:11'),
(435, 75, '2024-11-21 15:04:13'),
(436, 75, '2024-11-21 15:04:16'),
(437, 75, '2024-11-21 15:04:17'),
(438, 75, '2024-11-21 15:04:17'),
(439, 75, '2024-11-21 15:04:19'),
(440, 75, '2024-11-21 15:04:20'),
(441, 75, '2024-11-21 15:04:20'),
(442, 75, '2024-11-21 15:04:21'),
(443, 75, '2024-11-21 15:04:21'),
(444, 75, '2024-11-21 15:04:21'),
(445, 75, '2024-11-21 15:04:21'),
(446, 75, '2024-11-21 15:04:23'),
(447, 75, '2024-11-21 15:04:23'),
(448, 75, '2024-11-21 15:04:25'),
(449, 75, '2024-11-21 15:04:25'),
(450, 75, '2024-11-21 15:04:26'),
(451, 75, '2024-11-21 15:04:26'),
(452, 75, '2024-11-21 15:04:26'),
(453, 75, '2024-11-21 15:04:27'),
(454, 75, '2024-11-21 15:04:27'),
(455, 75, '2024-11-21 15:04:30'),
(456, 75, '2024-11-21 15:04:30'),
(457, 75, '2024-11-21 15:04:31'),
(458, 75, '2024-11-21 15:04:32'),
(459, 75, '2024-11-21 15:04:32'),
(460, 75, '2024-11-21 15:04:33'),
(461, 75, '2024-11-21 15:04:36'),
(462, 75, '2024-11-21 15:04:37'),
(463, 75, '2024-11-21 15:04:37'),
(464, 75, '2024-11-21 15:04:38'),
(465, 75, '2024-11-21 15:04:39'),
(466, 75, '2024-11-21 15:04:39'),
(467, 75, '2024-11-21 15:04:39'),
(468, 75, '2024-11-21 15:04:41'),
(469, 75, '2024-11-21 15:04:42'),
(470, 75, '2024-11-21 15:04:42'),
(471, 75, '2024-11-21 15:04:43'),
(472, 75, '2024-11-21 15:04:44'),
(473, 75, '2024-11-21 15:04:47'),
(474, 75, '2024-11-21 15:04:47'),
(475, 75, '2024-11-21 15:04:48'),
(476, 75, '2024-11-21 15:04:50'),
(477, 75, '2024-11-21 15:04:50'),
(478, 75, '2024-11-21 15:04:53'),
(479, 75, '2024-11-21 15:04:53'),
(480, 75, '2024-11-21 15:04:54'),
(481, 75, '2024-11-21 15:04:56'),
(482, 75, '2024-11-21 15:04:59'),
(483, 75, '2024-11-21 15:05:00'),
(484, 75, '2024-11-21 15:05:01'),
(485, 75, '2024-11-21 15:05:04'),
(486, 75, '2024-11-21 15:05:04'),
(487, 75, '2024-11-21 15:05:07'),
(488, 75, '2024-11-21 15:05:07'),
(489, 75, '2024-11-21 15:05:07'),
(490, 75, '2024-11-21 15:05:07'),
(491, 75, '2024-11-21 15:05:10'),
(492, 75, '2024-11-21 15:05:12'),
(493, 75, '2024-11-21 15:05:14'),
(494, 75, '2024-11-21 15:05:14'),
(495, 75, '2024-11-21 15:05:16'),
(496, 75, '2024-11-21 15:05:17'),
(497, 75, '2024-11-21 15:05:18'),
(498, 75, '2024-11-21 15:05:21'),
(499, 75, '2024-11-21 15:05:21'),
(500, 75, '2024-11-21 15:05:23'),
(501, 75, '2024-11-21 15:05:24'),
(502, 75, '2024-11-21 15:05:25'),
(503, 75, '2024-11-21 15:05:27'),
(504, 75, '2024-11-21 15:05:28'),
(505, 75, '2024-11-21 15:05:28'),
(506, 75, '2024-11-21 15:05:31'),
(507, 75, '2024-11-21 15:05:31'),
(508, 75, '2024-11-21 15:05:32'),
(509, 75, '2024-11-21 15:05:32'),
(510, 75, '2024-11-21 15:05:33'),
(511, 75, '2024-11-21 15:05:35'),
(512, 75, '2024-11-21 15:05:35'),
(513, 75, '2024-11-21 15:05:37'),
(514, 75, '2024-11-21 15:05:38'),
(515, 75, '2024-11-21 15:05:38'),
(516, 75, '2024-11-21 15:05:39'),
(517, 75, '2024-11-21 15:05:39'),
(518, 75, '2024-11-21 15:05:40'),
(519, 75, '2024-11-21 15:05:41'),
(520, 75, '2024-11-21 15:05:41'),
(521, 75, '2024-11-21 15:05:42'),
(522, 75, '2024-11-21 15:05:43'),
(523, 75, '2024-11-21 15:05:43'),
(524, 75, '2024-11-21 15:05:44'),
(525, 75, '2024-11-21 15:05:46'),
(526, 75, '2024-11-21 15:05:46'),
(527, 75, '2024-11-21 15:05:48'),
(528, 75, '2024-11-21 15:05:48'),
(529, 75, '2024-11-21 15:05:50'),
(530, 75, '2024-11-21 15:05:52'),
(531, 75, '2024-11-21 15:05:53'),
(532, 75, '2024-11-21 15:05:55'),
(533, 75, '2024-11-21 15:05:56'),
(534, 75, '2024-11-21 15:05:56'),
(535, 75, '2024-11-21 15:05:56'),
(536, 75, '2024-11-21 15:05:57'),
(537, 75, '2024-11-21 15:05:57'),
(538, 75, '2024-11-21 15:05:57'),
(539, 75, '2024-11-21 15:05:58'),
(540, 75, '2024-11-21 15:05:59'),
(541, 75, '2024-11-21 15:06:02'),
(542, 75, '2024-11-21 15:06:02'),
(543, 75, '2024-11-21 15:06:02'),
(544, 75, '2024-11-21 15:06:03'),
(545, 75, '2024-11-21 15:06:03'),
(546, 75, '2024-11-21 15:06:04'),
(547, 75, '2024-11-21 15:06:09'),
(548, 75, '2024-11-21 15:06:10'),
(549, 75, '2024-11-21 15:06:10'),
(550, 75, '2024-11-21 15:06:12'),
(551, 75, '2024-11-21 15:06:12'),
(552, 75, '2024-11-21 15:06:12'),
(553, 75, '2024-11-21 15:06:14'),
(554, 75, '2024-11-21 15:06:15'),
(555, 75, '2024-11-21 15:06:16'),
(556, 75, '2024-11-21 15:06:16'),
(557, 75, '2024-11-21 15:06:17'),
(558, 75, '2024-11-21 15:06:17'),
(559, 75, '2024-11-21 15:06:19'),
(560, 75, '2024-11-21 15:06:20'),
(561, 75, '2024-11-21 15:06:20'),
(562, 75, '2024-11-21 15:06:22'),
(563, 75, '2024-11-21 15:06:22'),
(564, 75, '2024-11-21 15:06:25'),
(565, 75, '2024-11-21 15:06:26'),
(566, 75, '2024-11-21 15:06:26'),
(567, 75, '2024-11-21 15:06:28'),
(568, 75, '2024-11-21 15:06:28'),
(569, 75, '2024-11-21 15:06:29'),
(570, 75, '2024-11-21 15:06:29'),
(571, 75, '2024-11-21 15:06:30'),
(572, 75, '2024-11-21 15:06:31'),
(573, 75, '2024-11-21 15:06:32'),
(574, 75, '2024-11-21 15:06:32'),
(575, 75, '2024-11-21 15:06:32'),
(576, 75, '2024-11-21 15:06:33'),
(577, 75, '2024-11-21 15:06:33'),
(578, 75, '2024-11-21 15:06:34'),
(579, 75, '2024-11-21 15:06:34'),
(580, 75, '2024-11-21 15:06:34'),
(581, 75, '2024-11-21 15:06:35'),
(582, 75, '2024-11-21 15:06:35'),
(583, 75, '2024-11-21 15:06:36'),
(584, 75, '2024-11-21 15:06:37'),
(585, 75, '2024-11-21 15:06:38'),
(586, 75, '2024-11-21 15:06:39'),
(587, 75, '2024-11-21 15:06:41'),
(588, 75, '2024-11-21 15:06:41'),
(589, 75, '2024-11-21 15:06:42'),
(590, 75, '2024-11-21 15:06:42'),
(591, 75, '2024-11-21 15:06:42'),
(592, 75, '2024-11-21 15:06:44'),
(593, 75, '2024-11-21 15:06:45'),
(594, 75, '2024-11-21 15:06:46'),
(595, 75, '2024-11-21 15:06:46'),
(596, 75, '2024-11-21 15:06:49'),
(597, 75, '2024-11-21 15:06:54'),
(598, 75, '2024-11-21 15:06:55'),
(599, 75, '2024-11-21 15:06:55'),
(600, 75, '2024-11-21 15:06:56'),
(601, 75, '2024-11-21 15:06:56'),
(602, 75, '2024-11-21 15:06:57'),
(603, 75, '2024-11-21 15:07:00'),
(604, 75, '2024-11-21 15:07:01'),
(605, 75, '2024-11-21 15:07:01'),
(606, 75, '2024-11-21 15:07:01'),
(607, 75, '2024-11-21 15:07:02'),
(608, 75, '2024-11-21 15:07:02'),
(609, 75, '2024-11-21 15:07:02'),
(610, 75, '2024-11-21 15:07:03'),
(611, 75, '2024-11-21 15:07:04'),
(612, 75, '2024-11-21 15:07:04'),
(613, 75, '2024-11-21 15:07:04'),
(614, 75, '2024-11-21 15:07:05'),
(615, 75, '2024-11-21 15:07:05'),
(616, 75, '2024-11-21 15:07:06'),
(617, 75, '2024-11-21 15:07:06'),
(618, 75, '2024-11-21 15:07:06'),
(619, 75, '2024-11-21 15:07:07'),
(620, 75, '2024-11-21 15:07:08'),
(621, 75, '2024-11-21 15:07:10'),
(622, 75, '2024-11-21 15:07:10'),
(623, 75, '2024-11-21 15:07:10'),
(624, 75, '2024-11-21 15:07:11'),
(625, 75, '2024-11-21 15:07:11'),
(626, 75, '2024-11-21 15:07:12'),
(627, 75, '2024-11-21 15:07:12'),
(628, 75, '2024-11-21 15:07:12'),
(629, 75, '2024-11-21 15:07:13'),
(630, 75, '2024-11-21 15:07:13'),
(631, 75, '2024-11-21 15:07:13'),
(632, 75, '2024-11-21 15:07:13'),
(633, 75, '2024-11-21 15:07:14'),
(634, 75, '2024-11-21 15:07:14'),
(635, 75, '2024-11-21 15:07:15'),
(636, 75, '2024-11-21 15:07:15'),
(637, 75, '2024-11-21 15:07:16'),
(638, 75, '2024-11-21 15:07:16'),
(639, 75, '2024-11-21 15:07:17'),
(640, 75, '2024-11-21 15:08:54'),
(641, 75, '2024-11-21 15:08:54'),
(642, 75, '2024-11-21 15:08:55'),
(643, 75, '2024-11-21 15:08:55'),
(644, 75, '2024-11-21 15:08:56'),
(645, 75, '2024-11-21 15:08:56'),
(646, 75, '2024-11-21 15:08:56'),
(647, 75, '2024-11-21 15:08:56'),
(648, 75, '2024-11-21 15:08:57'),
(649, 75, '2024-11-21 15:08:57'),
(650, 75, '2024-11-21 15:08:57'),
(651, 75, '2024-11-21 15:08:58'),
(652, 75, '2024-11-21 15:08:58'),
(653, 75, '2024-11-21 15:08:58'),
(654, 75, '2024-11-21 15:08:58'),
(655, 75, '2024-11-21 15:08:59'),
(656, 75, '2024-11-21 15:08:59'),
(657, 75, '2024-11-21 15:08:59'),
(658, 75, '2024-11-21 15:09:00'),
(659, 75, '2024-11-21 15:09:01'),
(660, 75, '2024-11-21 15:09:01'),
(661, 75, '2024-11-21 15:09:02'),
(662, 75, '2024-11-21 15:09:02'),
(663, 75, '2024-11-21 15:09:02'),
(664, 75, '2024-11-21 15:09:02'),
(665, 75, '2024-11-21 15:09:02'),
(666, 75, '2024-11-21 15:09:03'),
(667, 75, '2024-11-21 15:09:03'),
(668, 75, '2024-11-21 15:09:03'),
(669, 75, '2024-11-21 15:09:04'),
(670, 75, '2024-11-21 15:09:04'),
(671, 75, '2024-11-21 15:09:04'),
(672, 75, '2024-11-21 15:09:05'),
(673, 75, '2024-11-21 15:09:05'),
(674, 75, '2024-11-21 15:09:05'),
(675, 75, '2024-11-21 15:09:06'),
(676, 75, '2024-11-21 15:09:06'),
(677, 75, '2024-11-21 15:09:06'),
(678, 75, '2024-11-21 15:09:06'),
(679, 75, '2024-11-21 15:09:08'),
(680, 75, '2024-11-21 15:09:08'),
(681, 75, '2024-11-21 15:09:08'),
(682, 75, '2024-11-21 15:09:08'),
(683, 75, '2024-11-21 15:09:08'),
(684, 75, '2024-11-21 15:09:09'),
(685, 75, '2024-11-21 15:09:10'),
(686, 75, '2024-11-21 15:09:10'),
(687, 75, '2024-11-21 15:09:10'),
(688, 75, '2024-11-21 15:09:10'),
(689, 75, '2024-11-21 15:09:10'),
(690, 75, '2024-11-21 15:09:10'),
(691, 75, '2024-11-21 15:09:11'),
(692, 75, '2024-11-21 15:09:11'),
(693, 75, '2024-11-21 15:09:12'),
(694, 75, '2024-11-21 15:09:12'),
(695, 75, '2024-11-21 15:09:12'),
(696, 75, '2024-11-21 15:09:13'),
(697, 75, '2024-11-21 15:09:13'),
(698, 75, '2024-11-21 15:09:13'),
(699, 75, '2024-11-21 15:09:14'),
(700, 75, '2024-11-21 15:09:14'),
(701, 75, '2024-11-21 15:09:15'),
(702, 75, '2024-11-21 15:09:15'),
(703, 75, '2024-11-21 15:09:15'),
(704, 75, '2024-11-21 15:09:16'),
(705, 75, '2024-11-21 15:09:16'),
(706, 75, '2024-11-21 15:09:16'),
(707, 75, '2024-11-21 15:09:16'),
(708, 75, '2024-11-21 15:09:16'),
(709, 75, '2024-11-21 15:09:17'),
(710, 75, '2024-11-21 15:09:17'),
(711, 75, '2024-11-21 15:09:17'),
(712, 75, '2024-11-21 15:09:18'),
(713, 75, '2024-11-21 15:09:18'),
(714, 75, '2024-11-21 15:09:18'),
(715, 75, '2024-11-21 15:09:19'),
(716, 75, '2024-11-21 15:09:19'),
(717, 75, '2024-11-21 15:09:20'),
(718, 75, '2024-11-21 15:09:20'),
(719, 75, '2024-11-21 15:09:20'),
(720, 75, '2024-11-21 15:09:21'),
(721, 75, '2024-11-21 15:09:21'),
(722, 75, '2024-11-21 15:09:22'),
(723, 75, '2024-11-21 15:09:23'),
(724, 75, '2024-11-21 15:09:23'),
(725, 75, '2024-11-21 15:09:23'),
(726, 75, '2024-11-21 15:09:23'),
(727, 75, '2024-11-21 15:09:23'),
(728, 75, '2024-11-21 15:09:23'),
(729, 75, '2024-11-21 15:09:24'),
(730, 75, '2024-11-21 15:09:24'),
(731, 75, '2024-11-21 15:09:24'),
(732, 75, '2024-11-21 15:09:25'),
(733, 75, '2024-11-21 15:09:25'),
(734, 75, '2024-11-21 15:09:25'),
(735, 75, '2024-11-21 15:09:25'),
(736, 75, '2024-11-21 15:09:26'),
(737, 75, '2024-11-21 15:09:26'),
(738, 75, '2024-11-21 15:09:26'),
(739, 75, '2024-11-21 15:09:26'),
(740, 75, '2024-11-21 15:09:29'),
(741, 75, '2024-11-21 15:09:29'),
(742, 75, '2024-11-21 15:09:29'),
(743, 75, '2024-11-21 15:09:29'),
(744, 75, '2024-11-21 15:09:29'),
(745, 75, '2024-11-21 15:09:30'),
(746, 75, '2024-11-21 15:09:30'),
(747, 75, '2024-11-21 15:09:30'),
(748, 75, '2024-11-21 15:09:31'),
(749, 75, '2024-11-21 15:09:31'),
(750, 75, '2024-11-21 15:09:31'),
(751, 75, '2024-11-21 15:09:31'),
(752, 75, '2024-11-21 15:09:32'),
(753, 75, '2024-11-21 15:09:32'),
(754, 75, '2024-11-21 15:09:32'),
(755, 75, '2024-11-21 15:09:33'),
(756, 75, '2024-11-21 15:09:33'),
(757, 75, '2024-11-21 15:09:33'),
(758, 75, '2024-11-21 15:09:34'),
(759, 75, '2024-11-21 15:09:34'),
(760, 75, '2024-11-21 15:09:34'),
(761, 75, '2024-11-21 15:09:36'),
(762, 75, '2024-11-21 15:09:37'),
(763, 75, '2024-11-21 15:09:37'),
(764, 75, '2024-11-21 15:09:37'),
(765, 75, '2024-11-21 15:09:38'),
(766, 75, '2024-11-21 15:09:38'),
(767, 75, '2024-11-21 15:09:38'),
(768, 75, '2024-11-21 15:09:38'),
(769, 75, '2024-11-21 15:09:38'),
(770, 75, '2024-11-21 15:09:38'),
(771, 75, '2024-11-21 15:09:39'),
(772, 75, '2024-11-21 15:09:39'),
(773, 75, '2024-11-21 15:09:39'),
(774, 75, '2024-11-21 15:09:39'),
(775, 75, '2024-11-21 15:09:40'),
(776, 75, '2024-11-21 15:09:40'),
(777, 75, '2024-11-21 15:09:40'),
(778, 75, '2024-11-21 15:09:40'),
(779, 75, '2024-11-21 15:09:41'),
(780, 75, '2024-11-21 15:09:41'),
(781, 75, '2024-11-21 15:09:41'),
(782, 75, '2024-11-21 15:09:41'),
(783, 75, '2024-11-21 15:09:42'),
(784, 75, '2024-11-21 15:09:42'),
(785, 75, '2024-11-21 15:09:43'),
(786, 75, '2024-11-21 15:09:43'),
(787, 75, '2024-11-21 15:09:43'),
(788, 75, '2024-11-21 15:09:43'),
(789, 75, '2024-11-21 15:09:43'),
(790, 75, '2024-11-21 15:09:44'),
(791, 75, '2024-11-21 15:09:44'),
(792, 75, '2024-11-21 15:09:44'),
(793, 75, '2024-11-21 15:09:44'),
(794, 75, '2024-11-21 15:09:45'),
(795, 75, '2024-11-21 15:09:45'),
(796, 75, '2024-11-21 15:09:45'),
(797, 75, '2024-11-21 15:09:45'),
(798, 75, '2024-11-21 15:09:46'),
(799, 75, '2024-11-21 15:09:46'),
(800, 75, '2024-11-21 15:09:46'),
(801, 75, '2024-11-21 15:09:46'),
(802, 75, '2024-11-21 15:09:47'),
(803, 75, '2024-11-21 15:09:47'),
(804, 75, '2024-11-21 15:09:47'),
(805, 75, '2024-11-21 15:09:47'),
(806, 75, '2024-11-21 15:09:48'),
(807, 75, '2024-11-21 15:09:48'),
(808, 75, '2024-11-21 15:09:48'),
(809, 75, '2024-11-21 15:09:49'),
(810, 75, '2024-11-21 15:09:49'),
(811, 75, '2024-11-21 15:09:49'),
(812, 75, '2024-11-21 15:09:49'),
(813, 75, '2024-11-21 15:09:50'),
(814, 75, '2024-11-21 15:09:50'),
(815, 75, '2024-11-21 15:09:50'),
(816, 75, '2024-11-21 15:09:51'),
(817, 75, '2024-11-21 15:09:51'),
(818, 75, '2024-11-21 15:09:51'),
(819, 75, '2024-11-21 15:09:51'),
(820, 75, '2024-11-21 15:09:51'),
(821, 75, '2024-11-21 15:09:52'),
(822, 75, '2024-11-21 15:09:52'),
(823, 75, '2024-11-21 15:09:53'),
(824, 75, '2024-11-21 15:09:53'),
(825, 75, '2024-11-21 15:09:53'),
(826, 75, '2024-11-21 15:09:53'),
(827, 75, '2024-11-21 15:09:54'),
(828, 75, '2024-11-21 15:09:55'),
(829, 75, '2024-11-21 15:09:55'),
(830, 75, '2024-11-21 15:09:55'),
(831, 75, '2024-11-21 15:09:55'),
(832, 75, '2024-11-21 15:09:55'),
(833, 75, '2024-11-21 15:09:55'),
(834, 75, '2024-11-21 15:09:56'),
(835, 75, '2024-11-21 15:09:56'),
(836, 75, '2024-11-21 15:09:56'),
(837, 75, '2024-11-21 15:09:57'),
(838, 75, '2024-11-21 15:09:57'),
(839, 75, '2024-11-21 15:09:57'),
(840, 75, '2024-11-21 15:09:58'),
(841, 75, '2024-11-21 15:09:58'),
(842, 75, '2024-11-21 15:09:58'),
(843, 75, '2024-11-21 15:09:59'),
(844, 75, '2024-11-21 15:09:59'),
(845, 75, '2024-11-21 15:09:59'),
(846, 75, '2024-11-21 15:10:00'),
(847, 75, '2024-11-21 15:10:00'),
(848, 75, '2024-11-21 15:10:00'),
(849, 75, '2024-11-21 15:10:00'),
(850, 75, '2024-11-21 15:10:01'),
(851, 75, '2024-11-21 15:10:01'),
(852, 75, '2024-11-21 15:10:01'),
(853, 75, '2024-11-21 15:10:02'),
(854, 75, '2024-11-21 15:10:02'),
(855, 75, '2024-11-21 15:10:03'),
(856, 75, '2024-11-21 15:10:03'),
(857, 75, '2024-11-21 15:10:04'),
(858, 75, '2024-11-21 15:10:04'),
(859, 75, '2024-11-21 15:10:04'),
(860, 75, '2024-11-21 15:10:05'),
(861, 75, '2024-11-21 15:10:06'),
(862, 75, '2024-11-21 15:10:06'),
(863, 75, '2024-11-21 15:10:06'),
(864, 75, '2024-11-21 15:10:06'),
(865, 75, '2024-11-21 15:10:07'),
(866, 75, '2024-11-21 15:10:07'),
(867, 75, '2024-11-21 15:10:07'),
(868, 75, '2024-11-21 15:10:07'),
(869, 75, '2024-11-21 15:10:08'),
(870, 75, '2024-11-21 15:10:08'),
(871, 75, '2024-11-21 15:10:09'),
(872, 75, '2024-11-21 15:10:09'),
(873, 75, '2024-11-21 15:10:09'),
(874, 75, '2024-11-21 15:10:09'),
(875, 75, '2024-11-21 15:10:09'),
(876, 75, '2024-11-21 15:10:10'),
(877, 75, '2024-11-21 15:10:10'),
(878, 75, '2024-11-21 15:10:10'),
(879, 75, '2024-11-21 15:10:11'),
(880, 75, '2024-11-21 15:10:11'),
(881, 75, '2024-11-21 15:10:12'),
(882, 75, '2024-11-21 15:10:12'),
(883, 75, '2024-11-21 15:10:12'),
(884, 75, '2024-11-21 15:10:12'),
(885, 75, '2024-11-21 15:10:13'),
(886, 75, '2024-11-21 15:10:13'),
(887, 75, '2024-11-21 15:10:14'),
(888, 75, '2024-11-21 15:10:14'),
(889, 75, '2024-11-21 15:10:14'),
(890, 75, '2024-11-21 15:10:14'),
(891, 75, '2024-11-21 15:10:14'),
(892, 75, '2024-11-21 15:10:15'),
(893, 75, '2024-11-21 15:10:15'),
(894, 75, '2024-11-21 15:10:15'),
(895, 75, '2024-11-21 15:10:16'),
(896, 75, '2024-11-21 15:10:16'),
(897, 75, '2024-11-21 15:10:16'),
(898, 75, '2024-11-21 15:10:17'),
(899, 75, '2024-11-21 15:10:17'),
(900, 75, '2024-11-21 15:10:18'),
(901, 75, '2024-11-21 15:10:18'),
(902, 75, '2024-11-21 15:10:18'),
(903, 75, '2024-11-21 15:10:18'),
(904, 75, '2024-11-21 15:10:18'),
(905, 75, '2024-11-21 15:10:18'),
(906, 75, '2024-11-21 15:10:19'),
(907, 75, '2024-11-21 15:10:19'),
(908, 75, '2024-11-21 15:10:19'),
(909, 75, '2024-11-21 15:10:19'),
(910, 75, '2024-11-21 15:10:20'),
(911, 75, '2024-11-21 15:10:20'),
(912, 75, '2024-11-21 15:10:20'),
(913, 75, '2024-11-21 15:10:20'),
(914, 75, '2024-11-21 15:10:21'),
(915, 75, '2024-11-21 15:10:21'),
(916, 75, '2024-11-21 15:10:21'),
(917, 75, '2024-11-21 15:10:22'),
(918, 75, '2024-11-21 15:10:22'),
(919, 75, '2024-11-21 15:10:22'),
(920, 75, '2024-11-21 15:10:22'),
(921, 75, '2024-11-21 15:10:23'),
(922, 75, '2024-11-21 15:10:23'),
(923, 75, '2024-11-21 15:10:23'),
(924, 75, '2024-11-21 15:10:23'),
(925, 75, '2024-11-21 15:10:24'),
(926, 75, '2024-11-21 15:10:24'),
(927, 75, '2024-11-21 15:10:24'),
(928, 75, '2024-11-21 15:10:24'),
(929, 75, '2024-11-21 15:10:25'),
(930, 75, '2024-11-21 15:10:25'),
(931, 75, '2024-11-21 15:10:25'),
(932, 75, '2024-11-21 15:10:25'),
(933, 75, '2024-11-21 15:10:26'),
(934, 75, '2024-11-21 15:10:26'),
(935, 75, '2024-11-21 15:10:26'),
(936, 75, '2024-11-21 15:10:26'),
(937, 75, '2024-11-21 15:10:27'),
(938, 75, '2024-11-21 15:10:27'),
(939, 75, '2024-11-21 15:10:28'),
(940, 75, '2024-11-21 15:10:28'),
(941, 75, '2024-11-21 15:10:28'),
(942, 75, '2024-11-21 15:10:28'),
(943, 75, '2024-11-21 15:10:28'),
(944, 75, '2024-11-21 15:10:30'),
(945, 75, '2024-11-21 15:10:30'),
(946, 75, '2024-11-21 15:10:30'),
(947, 75, '2024-11-21 15:10:31'),
(948, 75, '2024-11-21 15:10:31'),
(949, 75, '2024-11-21 15:10:31'),
(950, 75, '2024-11-21 15:10:31'),
(951, 75, '2024-11-21 15:10:31'),
(952, 75, '2024-11-21 15:10:31'),
(953, 75, '2024-11-21 15:10:32'),
(954, 75, '2024-11-21 15:10:32'),
(955, 75, '2024-11-21 15:10:32'),
(956, 75, '2024-11-21 15:10:33'),
(957, 75, '2024-11-21 15:10:33'),
(958, 75, '2024-11-21 15:10:33'),
(959, 75, '2024-11-21 15:10:34'),
(960, 75, '2024-11-21 15:10:34'),
(961, 75, '2024-11-21 15:10:34'),
(962, 75, '2024-11-21 15:10:35'),
(963, 75, '2024-11-21 15:10:35'),
(964, 75, '2024-11-21 15:10:35'),
(965, 75, '2024-11-21 15:10:35'),
(966, 75, '2024-11-21 15:10:36'),
(967, 75, '2024-11-21 15:10:36'),
(968, 75, '2024-11-21 15:10:36'),
(969, 75, '2024-11-21 15:10:36'),
(970, 75, '2024-11-21 15:10:37'),
(971, 75, '2024-11-21 15:10:37'),
(972, 75, '2024-11-21 15:10:37'),
(973, 75, '2024-11-21 15:10:37'),
(974, 75, '2024-11-21 15:10:38'),
(975, 75, '2024-11-21 15:10:38'),
(976, 75, '2024-11-21 15:10:38'),
(977, 75, '2024-11-21 15:10:38'),
(978, 75, '2024-11-21 15:10:39'),
(979, 75, '2024-11-21 15:10:39'),
(980, 75, '2024-11-21 15:10:40'),
(981, 75, '2024-11-21 15:10:40'),
(982, 75, '2024-11-21 15:10:40'),
(983, 75, '2024-11-21 15:10:40'),
(984, 75, '2024-11-21 15:10:40'),
(985, 75, '2024-11-21 15:10:41'),
(986, 75, '2024-11-21 15:10:41'),
(987, 75, '2024-11-21 15:10:42'),
(988, 75, '2024-11-21 15:10:42'),
(989, 75, '2024-11-21 15:10:42'),
(990, 75, '2024-11-21 15:10:42'),
(991, 75, '2024-11-21 15:10:42'),
(992, 75, '2024-11-21 15:10:42'),
(993, 75, '2024-11-21 15:10:43'),
(994, 75, '2024-11-21 15:10:43'),
(995, 75, '2024-11-21 15:10:43'),
(996, 75, '2024-11-21 15:10:43'),
(997, 75, '2024-11-21 15:10:44'),
(998, 75, '2024-11-21 15:10:44'),
(999, 75, '2024-11-21 15:10:44'),
(1000, 75, '2024-11-21 15:10:45'),
(1001, 75, '2024-11-21 15:10:45'),
(1002, 75, '2024-11-21 15:10:45'),
(1003, 75, '2024-11-21 15:10:45'),
(1004, 75, '2024-11-21 15:10:46'),
(1005, 75, '2024-11-21 15:10:46'),
(1006, 75, '2024-11-21 15:10:47'),
(1007, 75, '2024-11-21 15:10:47'),
(1008, 75, '2024-11-21 15:10:48'),
(1009, 75, '2024-11-21 15:10:48'),
(1010, 75, '2024-11-21 15:10:48'),
(1011, 75, '2024-11-21 15:10:48'),
(1012, 75, '2024-11-21 15:10:49'),
(1013, 75, '2024-11-21 15:10:49'),
(1014, 75, '2024-11-21 15:10:49'),
(1015, 75, '2024-11-21 17:23:31'),
(1016, 75, '2024-11-21 17:23:31'),
(1017, 1018, '2024-11-21 17:23:37'),
(1018, 1018, '2024-11-21 17:23:37'),
(1019, 1018, '2024-11-21 17:24:44'),
(1020, 1018, '2024-11-21 17:24:45'),
(1021, 1018, '2024-11-21 17:24:46'),
(1022, 1018, '2024-11-21 17:24:47'),
(1023, 1018, '2024-11-21 17:24:48'),
(1024, 1018, '2024-11-21 17:24:50'),
(1025, 1018, '2024-11-21 17:24:51'),
(1026, 1018, '2024-11-21 17:24:52'),
(1027, 74, '2024-11-21 17:24:53'),
(1028, 74, '2024-11-21 17:24:53'),
(1029, 74, '2024-11-21 17:24:54'),
(1030, 74, '2024-11-21 17:24:55'),
(1031, 1032, '2024-11-21 17:24:56'),
(1032, 1032, '2024-11-21 17:24:56'),
(1033, 1032, '2024-11-21 17:24:57'),
(1034, 1032, '2024-11-21 17:24:58'),
(1035, 1032, '2024-11-21 17:24:59'),
(1036, 1032, '2024-11-21 17:25:00'),
(1037, 1032, '2024-11-21 17:25:01'),
(1038, 75, '2024-11-21 17:25:02'),
(1039, 75, '2024-11-21 17:25:02'),
(1040, 75, '2024-11-21 17:25:03'),
(1041, 60, '2024-11-21 17:25:04'),
(1042, 60, '2024-11-21 17:25:04'),
(1043, 60, '2024-11-21 17:25:05'),
(1044, 60, '2024-11-21 17:25:06'),
(1045, 60, '2024-11-21 17:25:07'),
(1046, 60, '2024-11-21 17:25:08'),
(1047, 60, '2024-11-21 17:25:09'),
(1048, 60, '2024-11-21 17:25:10'),
(1049, 60, '2024-11-21 17:25:11'),
(1050, 60, '2024-11-21 17:25:12'),
(1051, 60, '2024-11-21 17:25:13'),
(1052, 60, '2024-11-21 17:25:14'),
(1053, 60, '2024-11-21 17:25:15'),
(1054, 60, '2024-11-21 17:25:17'),
(1055, 60, '2024-11-21 17:25:18'),
(1056, 60, '2024-11-21 17:25:19'),
(1057, 60, '2024-11-21 17:25:20'),
(1058, 60, '2024-11-21 17:25:21'),
(1059, 60, '2024-11-21 17:25:22'),
(1060, 60, '2024-11-21 17:25:23'),
(1061, 60, '2024-11-21 17:25:24'),
(1062, 60, '2024-11-21 17:25:25'),
(1063, 60, '2024-11-21 17:25:26'),
(1064, 60, '2024-11-21 17:25:27'),
(1065, 60, '2024-11-21 17:25:28'),
(1066, 60, '2024-11-21 17:25:29'),
(1067, 60, '2024-11-21 17:25:30'),
(1068, 60, '2024-11-21 17:25:31'),
(1069, 60, '2024-11-21 17:25:32'),
(1070, 60, '2024-11-21 17:25:33'),
(1071, 60, '2024-11-21 17:25:35'),
(1072, 60, '2024-11-21 17:25:36'),
(1073, 60, '2024-11-21 17:25:37'),
(1074, 60, '2024-11-21 17:25:38'),
(1075, 60, '2024-11-21 17:25:39'),
(1076, 60, '2024-11-21 17:25:40'),
(1077, 60, '2024-11-21 17:25:41'),
(1078, 1079, '2024-11-21 17:25:42'),
(1079, 1079, '2024-11-21 17:25:42'),
(1080, 1079, '2024-11-21 17:25:43'),
(1081, 1079, '2024-11-21 17:25:44'),
(1082, 1079, '2024-11-21 17:25:45'),
(1083, 1079, '2024-11-21 17:25:46'),
(1084, 1079, '2024-11-21 17:25:47'),
(1085, 1079, '2024-11-21 17:25:48'),
(1086, 1079, '2024-11-21 17:25:49'),
(1087, 1079, '2024-11-21 17:25:50'),
(1088, 1079, '2024-11-21 17:25:51'),
(1089, 1079, '2024-11-21 17:25:52'),
(1090, 1079, '2024-11-21 17:25:53'),
(1091, 1079, '2024-11-21 17:25:54'),
(1092, 1079, '2024-11-21 17:25:55'),
(1093, 1079, '2024-11-21 17:25:56'),
(1094, 1079, '2024-11-21 17:25:57'),
(1095, 1079, '2024-11-21 17:25:58'),
(1096, 1079, '2024-11-21 17:25:59'),
(1097, 1079, '2024-11-21 17:26:00'),
(1098, 1079, '2024-11-21 17:26:01'),
(1099, 1079, '2024-11-21 17:26:02'),
(1100, 1079, '2024-11-21 17:26:03'),
(1101, 75, '2024-11-21 17:30:36'),
(1102, 75, '2024-11-21 17:30:37'),
(1103, 75, '2024-11-21 17:30:38'),
(1104, 1105, '2024-11-21 17:30:57'),
(1105, 1105, '2024-11-21 17:30:58'),
(1106, 1105, '2024-11-21 17:30:59'),
(1107, 1108, '2024-11-21 17:31:00'),
(1108, 1108, '2024-11-21 17:31:00'),
(1109, 1108, '2024-11-21 17:31:01'),
(1110, 1108, '2024-11-21 17:31:02'),
(1111, 1108, '2024-11-21 17:31:03'),
(1112, 1108, '2024-11-21 17:31:04'),
(1113, 1108, '2024-11-21 17:31:05'),
(1114, 1108, '2024-11-21 17:31:06'),
(1115, 1108, '2024-11-21 17:31:07'),
(1116, 1108, '2024-11-21 17:31:08'),
(1117, 1079, '2024-11-21 17:31:09'),
(1118, 1079, '2024-11-21 17:31:09'),
(1119, 1079, '2024-11-21 17:31:10'),
(1120, 1079, '2024-11-21 17:31:11'),
(1121, 1079, '2024-11-21 17:31:12'),
(1122, 1079, '2024-11-21 17:31:13'),
(1123, 1079, '2024-11-21 17:31:14'),
(1124, 1079, '2024-11-21 17:31:15'),
(1125, 1079, '2024-11-21 17:31:16'),
(1126, 1079, '2024-11-21 17:31:18'),
(1127, 1079, '2024-11-21 17:31:19'),
(1128, 1079, '2024-11-21 17:31:20'),
(1129, 1079, '2024-11-21 17:31:21'),
(1130, 1079, '2024-11-21 17:31:22'),
(1131, 1079, '2024-11-21 17:31:23'),
(1132, 1079, '2024-11-21 17:31:24'),
(1133, 1079, '2024-11-21 17:31:25'),
(1134, 1079, '2024-11-21 17:31:26'),
(1135, 1079, '2024-11-21 17:31:27'),
(1136, 1079, '2024-11-21 17:31:28'),
(1137, 1079, '2024-11-21 17:31:29'),
(1138, 1079, '2024-11-21 17:31:30'),
(1139, 1079, '2024-11-21 17:31:31'),
(1140, 1079, '2024-11-21 17:31:32'),
(1141, 1079, '2024-11-21 17:31:33'),
(1142, 1079, '2024-11-21 17:31:34'),
(1143, 1079, '2024-11-21 17:31:35'),
(1144, 1079, '2024-11-21 17:31:36'),
(1145, 1079, '2024-11-21 17:31:38'),
(1146, 1079, '2024-11-21 17:31:39'),
(1147, 1079, '2024-11-21 17:31:40'),
(1148, 1079, '2024-11-21 17:31:41'),
(1149, 1079, '2024-11-21 17:31:42'),
(1150, 1079, '2024-11-21 17:31:43'),
(1151, 75, '2024-11-21 17:40:04'),
(1152, 75, '2024-11-21 17:40:04'),
(1153, 75, '2024-11-21 17:40:05'),
(1154, 75, '2024-11-21 17:40:06'),
(1155, 75, '2024-11-21 17:40:07'),
(1156, 75, '2024-11-21 17:40:08'),
(1157, 75, '2024-11-21 17:40:10'),
(1158, 75, '2024-11-21 17:40:11'),
(1159, 75, '2024-11-21 17:40:12'),
(1160, 75, '2024-11-21 17:40:13'),
(1161, 75, '2024-11-21 17:40:14'),
(1162, 75, '2024-11-21 17:40:15'),
(1163, 75, '2024-11-21 17:40:16'),
(1164, 75, '2024-11-21 17:40:17'),
(1165, 75, '2024-11-21 17:40:18'),
(1166, 75, '2024-11-21 17:40:19'),
(1167, 75, '2024-11-21 17:40:20'),
(1168, 75, '2024-11-21 17:40:21'),
(1169, 75, '2024-11-21 17:40:22'),
(1170, 75, '2024-11-21 17:40:23'),
(1171, 75, '2024-11-21 17:40:24'),
(1172, 75, '2024-11-21 17:40:25'),
(1173, 75, '2024-11-21 17:40:26'),
(1174, 75, '2024-11-21 17:40:27'),
(1175, 75, '2024-11-21 17:40:28'),
(1176, 75, '2024-11-21 17:40:29'),
(1177, 75, '2024-11-21 17:40:30'),
(1178, 75, '2024-11-21 17:40:31'),
(1179, 75, '2024-11-21 17:40:32'),
(1180, 75, '2024-11-21 17:40:33'),
(1181, 75, '2024-11-21 17:40:34'),
(1182, 75, '2024-11-21 17:40:35'),
(1183, 75, '2024-11-21 17:40:36'),
(1184, 75, '2024-11-21 17:40:37'),
(1185, 75, '2024-11-21 17:40:38'),
(1186, 75, '2024-11-21 17:40:40'),
(1187, 75, '2024-11-21 17:40:41'),
(1188, 75, '2024-11-21 17:40:42'),
(1189, 75, '2024-11-21 17:40:43'),
(1190, 75, '2024-11-21 17:40:44'),
(1191, 75, '2024-11-21 17:40:45'),
(1192, 75, '2024-11-21 17:40:46'),
(1193, 75, '2024-11-21 17:40:47'),
(1194, 75, '2024-11-21 17:40:48'),
(1195, 75, '2024-11-21 17:40:49'),
(1196, 75, '2024-11-21 17:40:50'),
(1197, 75, '2024-11-21 17:40:51'),
(1198, 75, '2024-11-21 17:40:52'),
(1199, 75, '2024-11-21 17:40:53'),
(1200, 75, '2024-11-21 17:40:54'),
(1201, 75, '2024-11-21 17:40:55'),
(1202, 75, '2024-11-21 17:40:56'),
(1203, 75, '2024-11-21 17:40:57'),
(1204, 75, '2024-11-21 17:40:58'),
(1205, 75, '2024-11-21 17:40:59'),
(1206, 75, '2024-11-21 17:41:06'),
(1207, 75, '2024-11-21 17:41:06'),
(1208, 75, '2024-11-21 17:41:07'),
(1209, 75, '2024-11-21 17:41:09'),
(1210, 75, '2024-11-21 17:41:10'),
(1211, 75, '2024-11-21 17:41:11'),
(1212, 75, '2024-11-21 17:41:12'),
(1213, 75, '2024-11-21 17:41:13'),
(1214, 75, '2024-11-21 17:41:14'),
(1215, 75, '2024-11-21 17:41:15'),
(1216, 75, '2024-11-21 17:41:16'),
(1217, 75, '2024-11-21 17:41:17'),
(1218, 75, '2024-11-21 17:41:18'),
(1219, 75, '2024-11-21 17:41:19'),
(1220, 75, '2024-11-21 17:41:20'),
(1221, 75, '2024-11-21 17:41:21'),
(1222, 75, '2024-11-21 17:41:22'),
(1223, 75, '2024-11-21 17:41:23'),
(1224, 75, '2024-11-21 17:41:24'),
(1225, 75, '2024-11-21 17:41:25'),
(1226, 75, '2024-11-21 17:41:26'),
(1227, 75, '2024-11-21 17:41:27'),
(1228, 75, '2024-11-21 17:41:28'),
(1229, 75, '2024-11-21 17:41:30'),
(1230, 75, '2024-11-21 17:41:31'),
(1231, 75, '2024-11-21 17:41:32'),
(1232, 75, '2024-11-21 17:41:33'),
(1233, 75, '2024-11-21 17:41:34'),
(1234, 75, '2024-11-21 17:41:36'),
(1235, 75, '2024-11-21 17:41:37'),
(1236, 75, '2024-11-21 17:41:38'),
(1237, 75, '2024-11-21 17:41:39'),
(1238, 75, '2024-11-21 17:41:40'),
(1239, 75, '2024-11-21 17:41:41'),
(1240, 75, '2024-11-21 17:41:42'),
(1241, 75, '2024-11-21 17:41:43'),
(1242, 75, '2024-11-21 17:41:44'),
(1243, 75, '2024-11-21 17:41:45'),
(1244, 75, '2024-11-21 17:41:46'),
(1245, 75, '2024-11-21 17:41:47'),
(1246, 75, '2024-11-21 17:41:48'),
(1247, 75, '2024-11-21 17:41:49'),
(1248, 75, '2024-11-21 17:41:50'),
(1249, 75, '2024-11-21 17:41:51'),
(1250, 75, '2024-11-21 17:41:52'),
(1251, 75, '2024-11-21 17:41:53'),
(1252, 75, '2024-11-21 17:41:54'),
(1253, 75, '2024-11-21 17:42:37'),
(1254, 75, '2024-11-21 17:42:38'),
(1255, 75, '2024-11-21 17:42:39'),
(1256, 75, '2024-11-21 17:42:40'),
(1257, 75, '2024-11-21 17:42:41'),
(1258, 75, '2024-11-21 17:42:42'),
(1259, 75, '2024-11-21 17:42:43'),
(1260, 75, '2024-11-21 17:42:44'),
(1261, 75, '2024-11-21 17:42:45'),
(1262, 75, '2024-11-21 17:42:46'),
(1263, 75, '2024-11-21 17:42:47'),
(1264, 75, '2024-11-21 17:42:48'),
(1265, 75, '2024-11-21 17:42:49'),
(1266, 75, '2024-11-21 17:42:50'),
(1267, 75, '2024-11-21 17:42:51'),
(1268, 75, '2024-11-21 17:42:52'),
(1269, 75, '2024-11-21 17:42:53'),
(1270, 75, '2024-11-21 17:42:54'),
(1271, 75, '2024-11-21 17:43:10'),
(1272, 75, '2024-11-21 17:43:11'),
(1273, 75, '2024-11-21 17:43:12'),
(1274, 75, '2024-11-21 17:43:13'),
(1275, 75, '2024-11-21 17:43:14'),
(1276, 75, '2024-11-21 17:43:15'),
(1277, 75, '2024-11-21 17:43:18'),
(1278, 75, '2024-11-21 17:43:18'),
(1279, 75, '2024-11-21 17:43:18'),
(1280, 75, '2024-11-21 17:43:19'),
(1281, 75, '2024-11-21 17:43:20'),
(1282, 75, '2024-11-21 17:43:21'),
(1283, 75, '2024-11-21 17:43:22'),
(1284, 75, '2024-11-21 17:43:24'),
(1285, 75, '2024-11-21 17:43:25'),
(1286, 75, '2024-11-21 17:43:26'),
(1287, 75, '2024-11-21 17:43:27'),
(1288, 75, '2024-11-21 17:43:28'),
(1289, 75, '2024-11-21 17:43:29'),
(1290, 75, '2024-11-21 17:43:30'),
(1291, 75, '2024-11-21 17:43:31'),
(1292, 75, '2024-11-21 17:43:32'),
(1293, 75, '2024-11-21 17:43:33'),
(1294, 75, '2024-11-21 17:43:34'),
(1295, 75, '2024-11-21 17:43:35'),
(1296, 75, '2024-11-21 17:43:36'),
(1297, 75, '2024-11-21 17:43:37'),
(1298, 75, '2024-11-21 17:43:38'),
(1299, 75, '2024-11-21 17:43:39'),
(1300, 75, '2024-11-21 17:43:40'),
(1301, 75, '2024-11-21 17:43:41'),
(1302, 75, '2024-11-21 17:43:42'),
(1303, 75, '2024-11-21 17:43:43'),
(1304, 75, '2024-11-21 17:43:44'),
(1305, 1306, '2024-11-21 17:47:02'),
(1306, 1307, '2024-11-21 17:47:06'),
(1307, 1307, '2024-11-21 17:47:06'),
(1308, 1309, '2024-11-21 17:47:15'),
(1309, 1309, '2024-11-21 17:47:15'),
(1310, 1018, '2024-11-21 17:48:20'),
(1311, 1018, '2024-11-21 17:48:20'),
(1312, 1306, '2024-11-21 17:48:43'),
(1313, 1306, '2024-11-21 17:48:43'),
(1314, 1315, '2024-11-21 17:49:24'),
(1315, 1315, '2024-11-21 17:49:24'),
(1316, 1317, '2024-11-21 17:50:03'),
(1317, 1317, '2024-11-21 17:50:03'),
(1318, 1319, '2024-11-21 17:50:43'),
(1319, 1319, '2024-11-21 17:50:43'),
(1320, 1317, '2024-11-21 17:51:05'),
(1321, 1317, '2024-11-21 17:51:05'),
(1322, 1315, '2024-11-21 17:51:51'),
(1323, 1315, '2024-11-21 17:51:51'),
(1324, 75, '2024-11-21 17:54:14'),
(1325, 75, '2024-11-21 17:54:15'),
(1326, 75, '2024-11-21 17:54:25'),
(1327, 75, '2024-11-21 17:54:25'),
(1328, 1317, '2024-11-21 17:55:21'),
(1329, 1317, '2024-11-21 17:55:21'),
(1330, 1306, '2024-11-21 17:56:59'),
(1331, 1306, '2024-11-21 17:56:59'),
(1332, 1108, '2024-11-21 17:57:19'),
(1333, 1108, '2024-11-21 17:57:19'),
(1334, 1306, '2024-11-21 18:04:37'),
(1335, 1306, '2024-11-21 18:04:37'),
(1336, 1315, '2024-11-21 18:04:43'),
(1337, 1315, '2024-11-21 18:04:44'),
(1338, 1317, '2024-11-21 18:04:50'),
(1339, 1317, '2024-11-21 18:04:50'),
(1340, 75, '2024-11-21 18:05:45'),
(1341, 75, '2024-11-21 18:05:45'),
(1342, 1105, '2024-11-21 18:05:48'),
(1343, 1105, '2024-11-21 18:05:48'),
(1344, 1309, '2024-11-21 18:05:53'),
(1345, 1309, '2024-11-21 18:05:53'),
(1346, 1108, '2024-11-21 18:06:25'),
(1347, 1108, '2024-11-21 18:06:25'),
(1348, 1105, '2024-11-21 18:21:26'),
(1349, 1105, '2024-11-21 18:21:26'),
(1350, 1307, '2024-11-21 18:21:52'),
(1351, 1307, '2024-11-21 18:21:52'),
(1352, 74, '2024-11-21 18:22:25'),
(1353, 74, '2024-11-21 18:22:25'),
(1354, 1079, '2024-11-21 18:22:31'),
(1355, 1079, '2024-11-21 18:22:31'),
(1356, 1108, '2024-11-21 18:24:38'),
(1357, 1108, '2024-11-21 18:24:38'),
(1358, 1317, '2024-11-21 18:35:35'),
(1359, 1317, '2024-11-21 18:35:35'),
(1360, 1079, '2024-11-21 18:43:55'),
(1361, 1079, '2024-11-21 18:43:55'),
(1362, 1363, '2024-11-21 18:43:57'),
(1363, 1363, '2024-11-21 18:43:57'),
(1364, 1108, '2024-11-21 18:44:15'),
(1365, 1108, '2024-11-21 18:44:15'),
(1366, 1105, '2024-11-21 18:44:18'),
(1367, 1105, '2024-11-21 18:44:18'),
(1368, 1079, '2024-11-21 18:44:51'),
(1369, 1079, '2024-11-21 18:44:51'),
(1370, 22, '2024-11-21 18:48:19'),
(1371, 22, '2024-11-21 18:48:19'),
(1372, 14, '2024-11-21 18:48:26'),
(1373, 14, '2024-11-21 18:48:26'),
(1374, 22, '2024-11-21 18:48:32'),
(1375, 22, '2024-11-21 18:48:32'),
(1376, 1377, '2024-11-21 19:12:50'),
(1377, 1377, '2024-11-21 19:12:50'),
(1378, 1379, '2024-11-21 19:12:56'),
(1379, 1379, '2024-11-21 19:12:56'),
(1380, 26, '2024-11-21 23:37:22'),
(1381, 1382, '2024-11-21 23:46:45'),
(1382, 1382, '2024-11-21 23:46:45'),
(1383, 1384, '2024-11-21 23:57:19'),
(1384, 1384, '2024-11-21 23:57:19'),
(1385, 1386, '2024-11-22 14:25:49'),
(1386, 1386, '2024-11-22 14:25:49'),
(1387, 1386, '2024-11-22 14:25:49'),
(1388, 1389, '2024-11-22 14:26:06'),
(1389, 1389, '2024-11-22 14:26:06'),
(1390, 1389, '2024-11-22 14:26:07'),
(1391, 1392, '2024-11-22 14:26:22'),
(1392, 1392, '2024-11-22 14:26:22'),
(1393, 1392, '2024-11-22 14:26:23'),
(1394, 1392, '2024-11-22 14:27:58'),
(1395, 1389, '2024-11-22 14:28:22'),
(1396, 1389, '2024-11-22 14:28:22'),
(1397, 1389, '2024-11-22 14:28:22'),
(1398, 1399, '2024-11-22 14:28:25'),
(1399, 1399, '2024-11-22 14:28:25'),
(1400, 1399, '2024-11-22 14:28:26'),
(1401, 31, '2024-11-22 14:28:29'),
(1402, 31, '2024-11-22 14:28:29'),
(1403, 31, '2024-11-22 14:28:29'),
(1404, 1405, '2024-11-22 14:28:31'),
(1405, 1405, '2024-11-22 14:28:31'),
(1406, 1405, '2024-11-22 14:28:32'),
(1407, 1392, '2024-11-22 14:28:32'),
(1408, 1392, '2024-11-22 14:28:32'),
(1409, 1392, '2024-11-22 14:28:33'),
(1410, 54, '2024-11-22 14:28:34'),
(1411, 54, '2024-11-22 14:28:34'),
(1412, 54, '2024-11-22 14:28:34'),
(1413, 26, '2024-11-22 14:28:36'),
(1414, 26, '2024-11-22 14:28:36'),
(1415, 26, '2024-11-22 14:28:36'),
(1416, 1392, '2024-11-22 14:28:37'),
(1417, 1392, '2024-11-22 14:28:37'),
(1418, 1392, '2024-11-22 14:28:38'),
(1419, 1420, '2024-11-22 14:28:39'),
(1420, 1420, '2024-11-22 14:28:39'),
(1421, 1420, '2024-11-22 14:28:39'),
(1422, 26, '2024-11-22 14:28:42'),
(1423, 26, '2024-11-22 14:28:42'),
(1424, 26, '2024-11-22 14:28:42'),
(1425, 1399, '2024-11-22 14:28:42'),
(1426, 1399, '2024-11-22 14:28:43'),
(1427, 1399, '2024-11-22 14:28:43'),
(1428, 31, '2024-11-22 14:28:43'),
(1429, 31, '2024-11-22 14:28:43'),
(1430, 31, '2024-11-22 14:28:44'),
(1431, 1432, '2024-11-22 14:28:45'),
(1432, 1432, '2024-11-22 14:28:45'),
(1433, 1432, '2024-11-22 14:28:46'),
(1434, 31, '2024-11-22 14:29:07'),
(1435, 31, '2024-11-22 14:29:18'),
(1436, 31, '2024-11-22 14:29:18'),
(1437, 31, '2024-11-22 14:29:18'),
(1438, 1432, '2024-11-22 14:29:24'),
(1439, 1432, '2024-11-22 14:29:24'),
(1440, 1432, '2024-11-22 14:29:24'),
(1441, 1442, '2024-11-22 14:29:29'),
(1442, 1442, '2024-11-22 14:29:29'),
(1443, 1442, '2024-11-22 14:29:29'),
(1444, 1432, '2024-11-22 14:29:31'),
(1445, 1432, '2024-11-22 14:29:31'),
(1446, 1432, '2024-11-22 14:29:31'),
(1447, 31, '2024-11-22 14:29:32'),
(1448, 31, '2024-11-22 14:29:32'),
(1449, 31, '2024-11-22 14:29:33'),
(1450, 31, '2024-11-22 14:29:48'),
(1451, 31, '2024-11-22 14:29:48'),
(1452, 31, '2024-11-22 14:29:49'),
(1453, 31, '2024-11-22 14:30:02'),
(1454, 1382, '2024-11-22 14:30:11'),
(1455, 1382, '2024-11-22 14:30:11'),
(1456, 1382, '2024-11-22 14:30:11'),
(1457, 1384, '2024-11-22 14:30:13'),
(1458, 1384, '2024-11-22 14:30:13'),
(1459, 1384, '2024-11-22 14:30:13'),
(1460, 31, '2024-11-22 14:47:36'),
(1461, 31, '2024-11-22 14:47:36'),
(1462, 31, '2024-11-22 14:47:36'),
(1463, 31, '2024-11-22 14:48:20'),
(1464, 31, '2024-11-22 14:50:25'),
(1465, 31, '2024-11-22 14:50:25'),
(1466, 31, '2024-11-22 14:50:25'),
(1467, 31, '2024-11-22 14:50:44'),
(1468, 31, '2024-11-22 14:50:44'),
(1469, 31, '2024-11-22 14:50:44'),
(1470, 31, '2024-11-22 14:50:57'),
(1471, 31, '2024-11-22 14:51:19'),
(1472, 31, '2024-11-22 14:51:19'),
(1473, 31, '2024-11-22 14:51:19'),
(1474, 31, '2024-11-22 14:51:27'),
(1475, 31, '2024-11-22 14:51:27'),
(1476, 31, '2024-11-22 14:51:27'),
(1477, 31, '2024-11-22 14:52:55'),
(1478, 31, '2024-11-22 14:52:55'),
(1479, 31, '2024-11-22 14:52:55'),
(1480, 31, '2024-11-22 14:53:17'),
(1481, 31, '2024-11-22 14:53:17'),
(1482, 31, '2024-11-22 14:53:18'),
(1483, 31, '2024-11-22 14:53:25'),
(1484, 31, '2024-11-22 14:53:25'),
(1485, 31, '2024-11-22 14:53:26'),
(1486, 31, '2024-11-22 14:53:31'),
(1487, 31, '2024-11-22 14:53:31'),
(1488, 31, '2024-11-22 14:53:32'),
(1489, 31, '2024-11-22 14:53:59'),
(1490, 31, '2024-11-22 14:53:59'),
(1491, 31, '2024-11-22 14:53:59'),
(1492, 3, '2024-11-23 02:27:05'),
(1493, 31, '2024-11-23 02:35:51'),
(1494, 31, '2024-11-23 02:38:16'),
(1495, 31, '2024-11-23 02:38:16'),
(1496, 31, '2024-11-23 02:38:17'),
(1497, 1498, '2024-11-23 02:38:23'),
(1498, 1498, '2024-11-23 02:38:23'),
(1499, 1498, '2024-11-23 02:38:24'),
(1500, 1501, '2024-11-23 02:38:56'),
(1501, 1501, '2024-11-23 02:38:56'),
(1502, 1501, '2024-11-23 02:38:56'),
(1503, 1504, '2024-11-23 02:39:02'),
(1504, 1504, '2024-11-23 02:39:02'),
(1505, 1504, '2024-11-23 02:39:02'),
(1506, 1501, '2024-11-23 02:44:31'),
(1507, 1501, '2024-11-23 02:44:31'),
(1508, 1501, '2024-11-23 02:44:31'),
(1509, 1504, '2024-11-23 02:44:42'),
(1510, 1504, '2024-11-23 02:44:42'),
(1511, 1504, '2024-11-23 02:44:42'),
(1512, 1501, '2024-11-23 02:45:34'),
(1513, 1501, '2024-11-23 02:45:34'),
(1514, 1501, '2024-11-23 02:45:34'),
(1515, 1307, '2024-11-23 02:45:39'),
(1516, 1307, '2024-11-23 02:45:39'),
(1517, 1307, '2024-11-23 02:45:39'),
(1518, 1504, '2024-11-23 02:45:41'),
(1519, 1504, '2024-11-23 02:45:41'),
(1520, 1504, '2024-11-23 02:45:42'),
(1521, 1501, '2024-11-23 02:45:44'),
(1522, 1501, '2024-11-23 02:45:44'),
(1523, 1501, '2024-11-23 02:45:45'),
(1524, 1498, '2024-11-23 02:45:47'),
(1525, 1498, '2024-11-23 02:45:47'),
(1526, 1498, '2024-11-23 02:45:47'),
(1527, 37, '2024-11-23 02:45:50'),
(1528, 37, '2024-11-23 02:45:50'),
(1529, 37, '2024-11-23 02:45:51'),
(1530, 16, '2024-11-23 02:45:54');
INSERT INTO `SEARCH_LIP_HISTORY` (`ID`, `SEARCH_LIP_ID_ID`, `SEARCH_TIME`) VALUES
(1531, 16, '2024-11-23 02:45:54'),
(1532, 16, '2024-11-23 02:45:55'),
(1533, 31, '2024-11-23 02:45:57'),
(1534, 31, '2024-11-23 02:45:57'),
(1535, 31, '2024-11-23 02:45:57'),
(1536, 19, '2024-11-23 21:50:30'),
(1537, 19, '2024-11-23 21:50:33'),
(1538, 19, '2024-11-23 21:50:34'),
(1539, 19, '2024-11-23 21:50:34'),
(1540, 19, '2024-11-23 21:50:35'),
(1541, 19, '2024-11-23 21:50:35'),
(1542, 19, '2024-11-23 21:50:35'),
(1543, 19, '2024-11-23 21:50:35'),
(1544, 19, '2024-11-23 21:50:36'),
(1545, 19, '2024-11-23 21:50:36'),
(1546, 19, '2024-11-23 21:50:36'),
(1547, 19, '2024-11-23 21:50:36'),
(1548, 19, '2024-11-23 21:50:37'),
(1549, 19, '2024-11-23 21:50:37'),
(1550, 19, '2024-11-23 21:50:37'),
(1551, 19, '2024-11-23 21:50:37'),
(1552, 19, '2024-11-23 22:11:16'),
(1553, 19, '2024-11-23 22:11:16'),
(1554, 19, '2024-11-23 22:11:16'),
(1555, 1556, '2024-11-24 01:20:38'),
(1556, 1556, '2024-11-24 01:20:38'),
(1557, 1556, '2024-11-24 01:20:38'),
(1558, 1559, '2024-11-24 01:20:55'),
(1559, 1559, '2024-11-24 01:20:55'),
(1560, 1559, '2024-11-24 01:20:56'),
(1561, 1556, '2024-11-24 01:20:58'),
(1562, 1556, '2024-11-24 01:20:58'),
(1563, 1559, '2024-11-24 01:21:00'),
(1564, 1559, '2024-11-24 01:21:00'),
(1565, 1559, '2024-11-24 01:21:00'),
(1566, 1556, '2024-11-24 01:21:04'),
(1567, 1556, '2024-11-24 01:21:04'),
(1568, 1556, '2024-11-24 01:21:04'),
(1569, 1556, '2024-11-24 01:22:51'),
(1570, 1559, '2024-11-24 01:23:01'),
(1571, 1559, '2024-11-24 01:23:01'),
(1572, 1559, '2024-11-24 01:23:01'),
(1573, 1556, '2024-11-24 01:26:41'),
(1574, 1556, '2024-11-24 01:27:34'),
(1575, 1556, '2024-11-24 01:27:34'),
(1576, 1556, '2024-11-24 01:27:34'),
(1577, 1556, '2024-11-24 01:27:45'),
(1578, 1556, '2024-11-24 01:27:45'),
(1579, 1556, '2024-11-24 01:27:46'),
(1580, 3, '2024-11-24 01:53:01'),
(1581, 3, '2024-11-24 01:53:19'),
(1582, 3, '2024-11-24 01:53:19'),
(1583, 3, '2024-11-24 01:53:19'),
(1584, 6, '2024-11-24 01:53:26'),
(1585, 6, '2024-11-24 01:53:26'),
(1586, 6, '2024-11-24 01:53:26'),
(1587, 6, '2024-11-24 01:53:50'),
(1588, 6, '2024-11-24 01:53:50'),
(1589, 6, '2024-11-24 01:53:50'),
(1590, 6, '2024-11-24 01:54:35'),
(1591, 31, '2024-11-24 01:55:24'),
(1592, 3, '2024-11-24 01:58:22'),
(1593, 54, '2024-11-24 11:22:07'),
(1594, 54, '2024-11-24 11:22:17'),
(1595, 54, '2024-11-24 11:22:17'),
(1596, 54, '2024-11-24 11:22:18'),
(1597, 19, '2024-11-24 12:02:48'),
(1598, 19, '2024-11-24 12:03:14'),
(1599, 19, '2024-11-24 12:03:14'),
(1600, 19, '2024-11-24 12:03:14'),
(1601, 19, '2024-11-26 15:44:19'),
(1602, 19, '2024-11-26 16:14:33'),
(1603, 19, '2024-11-26 16:14:33'),
(1604, 19, '2024-11-26 16:14:34'),
(1605, 1108, '2024-11-26 17:22:42'),
(1606, 1108, '2024-11-26 17:22:42'),
(1607, 1108, '2024-11-26 17:22:43'),
(1608, 19, '2024-11-26 17:38:56'),
(1609, 19, '2024-11-26 17:38:56'),
(1610, 19, '2024-11-26 17:38:57'),
(1611, 31, '2024-11-26 17:51:44'),
(1612, 31, '2024-11-26 17:51:44'),
(1613, 31, '2024-11-26 17:51:45'),
(1614, 1498, '2024-11-26 17:51:54'),
(1615, 1498, '2024-11-26 17:51:54'),
(1616, 1498, '2024-11-26 17:51:55'),
(1617, 1498, '2024-11-26 17:56:20'),
(1618, 31, '2024-11-26 17:56:40'),
(1619, 199, '2024-11-26 18:28:23'),
(1620, 199, '2024-11-26 18:28:23'),
(1621, 199, '2024-11-26 18:28:23'),
(1622, 23, '2024-11-26 18:28:35'),
(1623, 23, '2024-11-26 18:37:10'),
(1624, 23, '2024-11-26 18:37:10'),
(1625, 23, '2024-11-26 18:37:10'),
(1626, 19, '2024-11-26 22:15:07'),
(1627, 19, '2024-11-27 00:01:19'),
(1628, 199, '2024-11-27 00:46:28'),
(1629, 199, '2024-11-27 00:46:28'),
(1630, 199, '2024-11-27 00:46:28'),
(1631, 199, '2024-11-27 00:55:00'),
(1632, 199, '2024-11-27 00:55:00'),
(1633, 199, '2024-11-27 00:55:00'),
(1634, 199, '2024-11-27 00:55:10'),
(1635, 1108, '2024-11-27 01:00:55'),
(1636, 1108, '2024-11-27 01:00:55'),
(1637, 1108, '2024-11-27 01:00:55'),
(1638, 1079, '2024-11-27 01:07:33'),
(1639, 1079, '2024-11-27 01:07:33');

--
-- ダンプしたテーブルのインデックス
--

--
-- テーブルのインデックス `AUTH_MASTER`
--
ALTER TABLE `AUTH_MASTER`
  ADD PRIMARY KEY (`ACCESS_ID`);

--
-- テーブルのインデックス `CAMPAIGN`
--
ALTER TABLE `CAMPAIGN`
  ADD PRIMARY KEY (`ID`);

--
-- テーブルのインデックス `IMAGE_MASTER`
--
ALTER TABLE `IMAGE_MASTER`
  ADD PRIMARY KEY (`ID`);

--
-- テーブルのインデックス `LIP_IMAGE_MAP_MASTER`
--
ALTER TABLE `LIP_IMAGE_MAP_MASTER`
  ADD PRIMARY KEY (`ID`);

--
-- テーブルのインデックス `LIP_MASTER`
--
ALTER TABLE `LIP_MASTER`
  ADD PRIMARY KEY (`LIP_ID`);

--
-- テーブルのインデックス `LIP_TAG_MAP_MASTER`
--
ALTER TABLE `LIP_TAG_MAP_MASTER`
  ADD PRIMARY KEY (`ID`);

--
-- テーブルのインデックス `LIP_TAG_MASTER`
--
ALTER TABLE `LIP_TAG_MASTER`
  ADD PRIMARY KEY (`ID`) USING BTREE;

--
-- テーブルのインデックス `SEARCH_COLORCODE`
--
ALTER TABLE `SEARCH_COLORCODE`
  ADD PRIMARY KEY (`ID`),
  ADD UNIQUE KEY `COLORCODE` (`COLORCODE`);

--
-- テーブルのインデックス `SEARCH_COLORCODE_HISTORY`
--
ALTER TABLE `SEARCH_COLORCODE_HISTORY`
  ADD PRIMARY KEY (`ID`);

--
-- テーブルのインデックス `SEARCH_LIP`
--
ALTER TABLE `SEARCH_LIP`
  ADD PRIMARY KEY (`ID`),
  ADD UNIQUE KEY `LIP_ID` (`LIP_ID`);

--
-- テーブルのインデックス `SEARCH_LIP_HISTORY`
--
ALTER TABLE `SEARCH_LIP_HISTORY`
  ADD PRIMARY KEY (`ID`);

--
-- ダンプしたテーブルの AUTO_INCREMENT
--

--
-- テーブルの AUTO_INCREMENT `CAMPAIGN`
--
ALTER TABLE `CAMPAIGN`
  MODIFY `ID` int(255) NOT NULL AUTO_INCREMENT COMMENT 'ID';

--
-- テーブルの AUTO_INCREMENT `IMAGE_MASTER`
--
ALTER TABLE `IMAGE_MASTER`
  MODIFY `ID` int(255) NOT NULL AUTO_INCREMENT COMMENT '画像管理ID', AUTO_INCREMENT=27;

--
-- テーブルの AUTO_INCREMENT `LIP_IMAGE_MAP_MASTER`
--
ALTER TABLE `LIP_IMAGE_MAP_MASTER`
  MODIFY `ID` int(10) NOT NULL AUTO_INCREMENT COMMENT '画像マップID', AUTO_INCREMENT=73;

--
-- テーブルの AUTO_INCREMENT `LIP_MASTER`
--
ALTER TABLE `LIP_MASTER`
  MODIFY `LIP_ID` int(255) NOT NULL AUTO_INCREMENT COMMENT 'ID', AUTO_INCREMENT=287;

--
-- テーブルの AUTO_INCREMENT `LIP_TAG_MAP_MASTER`
--
ALTER TABLE `LIP_TAG_MAP_MASTER`
  MODIFY `ID` int(10) NOT NULL AUTO_INCREMENT COMMENT 'タグマップID', AUTO_INCREMENT=34;

--
-- テーブルの AUTO_INCREMENT `LIP_TAG_MASTER`
--
ALTER TABLE `LIP_TAG_MASTER`
  MODIFY `ID` int(6) NOT NULL AUTO_INCREMENT COMMENT 'タグ管理ID', AUTO_INCREMENT=214;

--
-- テーブルの AUTO_INCREMENT `SEARCH_COLORCODE`
--
ALTER TABLE `SEARCH_COLORCODE`
  MODIFY `ID` int(11) NOT NULL AUTO_INCREMENT COMMENT '管理ID', AUTO_INCREMENT=1731;

--
-- テーブルの AUTO_INCREMENT `SEARCH_COLORCODE_HISTORY`
--
ALTER TABLE `SEARCH_COLORCODE_HISTORY`
  MODIFY `ID` int(11) NOT NULL AUTO_INCREMENT COMMENT '管理ID', AUTO_INCREMENT=1731;

--
-- テーブルの AUTO_INCREMENT `SEARCH_LIP`
--
ALTER TABLE `SEARCH_LIP`
  MODIFY `ID` int(11) NOT NULL AUTO_INCREMENT COMMENT '管理ID', AUTO_INCREMENT=1641;

--
-- テーブルの AUTO_INCREMENT `SEARCH_LIP_HISTORY`
--
ALTER TABLE `SEARCH_LIP_HISTORY`
  MODIFY `ID` int(11) NOT NULL AUTO_INCREMENT COMMENT '管理ID', AUTO_INCREMENT=1640;
COMMIT;

/*!40101 SET CHARACTER_SET_CLIENT=@OLD_CHARACTER_SET_CLIENT */;
/*!40101 SET CHARACTER_SET_RESULTS=@OLD_CHARACTER_SET_RESULTS */;
/*!40101 SET COLLATION_CONNECTION=@OLD_COLLATION_CONNECTION */;
